id,project_id,stage_id,title,description,category,status,priority,responsible,estimated_hours,actual_hours,start_date,due_date,completed_date,budget,dependencies,assignees,watchers,labels,deleted,created_at,updated_at,hierarchical_number,parent_task_id,original_task_id,is_template
02b0e076-f413-4392-b2eb-634a9c450066,b80c8fef-a677-5340-85fb-2c162d75df03,,הקמת פרויקט במערכת,הקמת פרויקט במערכת ושליחת צ'קליסט ליזם להעלאת חומרים,תפעול,לא התחילה,medium,,,,,2024-03-30,,25000.00,"[""a579333d-4dbd-460f-9273-1a43799bd64d""]",,,,false,2025-02-10 10:39:52.839651+00,2025-03-10 19:20:19.293+00,9,,,false
0498268c-9c87-4611-8972-3d13b9ba65d7,67219c67-5f9b-4fa8-8537-f181fe6e911e,b9ee3fec-8a8d-4bf6-ac96-e3ea3a74d5e5,תכניות הדירות,"כל דירה בנפרד עם מספר דירה, עדיפות לקבצי DWF או PDF",תפעול,לא התחילה,medium,,0.00,,,2024-04-05,,8000.00,,,,,true,2025-03-16 19:53:08.794+00,2025-03-16 19:59:24.706+00,,02b0e076-f413-4392-b2eb-634a9c450066,23eb3eb7-b764-487d-b48c-2d81b90f2157,false
0589f81b-f984-44ef-b532-8c0c15cffb0f,820ff65a-b6d6-4e05-98e3-79913987b97d,4e0a411d-ee00-49b0-9dc3-06ac4c750f58,הדמיות,חוץ ופנים דירות מיוחדות,שיווק,לא התחילה,medium,,,,,2024-07-20,,45000.00,"[""19493831-d4ac-4598-bcc0-bd99954dbcbf""]",,,,true,2025-03-16 21:55:23.93+00,2025-03-16 21:55:23.93+00,,,83624156-c7fc-477c-89de-616fad09a7f9,false
069fc81a-14f2-4da7-a696-be53b4446674,b80c8fef-a677-5340-85fb-2c162d75df03,,קריאייטיב,עובד חברה או חברה חיצונית,שיווק,לא התחילה,medium,,,,,2024-05-20,,35000.00,"[""a49534eb-3040-4be0-bfe2-373236a60686""]",,,,false,2025-02-10 10:39:52.839651+00,2025-03-10 19:20:19.293+00,10,,,false
06ff83b8-d18f-4128-bd66-058bbd850064,2019ef61-a999-40a1-9fdc-589d60d558e7,933bc74c-e69d-448c-9270-85488029d66f,עבודות תשתית ופיתוח,ביצוע עבודות תשתית ופיתוח באתר,,todo,medium,,,,,,,,,,,,false,2025-03-16 19:23:26.217+00,2025-03-16 19:23:26.217+00,8,,,false
077125ae-33a2-4f58-b499-714ba0a19123,b80c8fef-a677-5340-85fb-2c162d75df03,,הדמיות,חוץ ופנים דירות מיוחדות,שיווק,לא התחילה,medium,,,,,2024-07-20,,45000.00,"[""19493831-d4ac-4598-bcc0-bd99954dbcbf""]",,,,false,2025-02-10 10:39:52.839651+00,2025-03-10 19:20:19.293+00,10,,,false
0778d18a-1247-4a39-8432-0d762b97d3f0,820ff65a-b6d6-4e05-98e3-79913987b97d,4e0a411d-ee00-49b0-9dc3-06ac4c750f58,שיחת היכרות,"שיחת היכרות עם החברה ופועלה, רקע יחודי להיכרות הפרויקט",פיתוח עיסקי,in_progress,high,,,,,2024-03-20,,,,"[""22daaa9f-4a28-4bef-913b-58fd2e9f9452"",""664bbc37-c733-47e2-8dab-0828b3b603dd""]","[""4daff147-9a25-4b00-b388-b1a03f4b8c93""]",,true,2025-03-16 21:55:23.93+00,2025-03-16 21:55:23.93+00,,,4dc02ea3-5621-430a-be13-8a2cdc4c7393,false
085914d9-e4e6-40e4-9f99-939ab994c4f8,820ff65a-b6d6-4e05-98e3-79913987b97d,4e0a411d-ee00-49b0-9dc3-06ac4c750f58,"הפעלת עמוד מדל""""ן + יד 2",,שיווק,in_progress,medium,,,,,2024-08-05,,12000.00,"[""150fa7c6-857d-45c3-9049-3f317f818ae8""]",,,,true,2025-03-16 21:55:23.93+00,2025-03-16 21:55:23.93+00,,,0a12f658-b7a6-40fb-9a57-32737ac86af5,false
086458d0-46d0-4764-8ad1-b12dc74c5ec4,67219c67-5f9b-4fa8-8537-f181fe6e911e,b9ee3fec-8a8d-4bf6-ac96-e3ea3a74d5e5,קופירייטר,עובד חברה או חברה חיצונית,שיווק,לא התחילה,medium,,,,,2024-05-30,,15000.00,,,,,true,2025-03-16 19:53:08.794+00,2025-03-16 19:59:24.706+00,,069fc81a-14f2-4da7-a696-be53b4446674,78c0984d-d7ad-44ea-afad-eb2081678aa6,false
093724d2-00ea-494f-b9aa-94d9c73a5671,67219c67-5f9b-4fa8-8537-f181fe6e911e,b9ee3fec-8a8d-4bf6-ac96-e3ea3a74d5e5,בנק מלווה,בנק מלווה - היכרות עם הגוף והסכם הליווי,פיננסי,לא התחילה,medium,,,,,2024-05-15,,20000.00,"[""1a4eb47f-e102-4cf4-8334-d7496cd4302f""]",,,,true,2025-03-16 19:53:08.794+00,2025-03-16 19:59:24.706+00,,,9ca44c87-dc9e-4f0e-a9a3-5dd7a6aa76e1,false
0a12f658-b7a6-40fb-9a57-32737ac86af5,67219c67-5f9b-4fa8-8537-f181fe6e911e,b9ee3fec-8a8d-4bf6-ac96-e3ea3a74d5e5,"הפעלת עמוד מדל""""ן + יד 2",,שיווק,in_progress,medium,,,,,2024-08-05,,12000.00,"[""150fa7c6-857d-45c3-9049-3f317f818ae8""]",,,,true,2025-03-16 19:53:08.794+00,2025-03-16 19:59:24.706+00,,,9b61bda9-8249-4941-b3f5-a86f40d7b1ad,false
0a6ced4e-77bb-4792-8a4b-d08391a696f6,7a9631fb-36f0-4c5f-a524-8fc319b72860,f9a88550-c519-4f18-a166-f23b5a5fc1ab,משא ומתן לרכישת הקרקע,"ניהול מו""מ עם בעלי הקרקע וגיבוש הסכם",,todo,high,,,,,,,,,,,,false,2025-03-16 22:31:44.047+00,2025-03-16 22:31:44.047+00,3,,,false
0b7c1a56-d9e9-40b5-8830-8aaa637b0fe4,67219c67-5f9b-4fa8-8537-f181fe6e911e,b9ee3fec-8a8d-4bf6-ac96-e3ea3a74d5e5,עמוד עיסקי,הרשאת מנהל מודעות,תפעול,לא התחילה,medium,,,,,2024-06-30,,4000.00,,,,,true,2025-03-16 19:53:08.794+00,2025-03-16 19:59:24.706+00,,bae6ef6e-2b05-4bd5-93d0-997fdb468cf4,73b65ef8-a548-461f-9f4b-35e3d2299e99,false
0c2ca4e0-11ab-40e4-9867-91164bd2b2e7,67219c67-5f9b-4fa8-8537-f181fe6e911e,b9ee3fec-8a8d-4bf6-ac96-e3ea3a74d5e5,קריאייטיב,עובד חברה או חברה חיצונית,שיווק,לא התחילה,medium,,,,,2024-05-20,,35000.00,"[""a49534eb-3040-4be0-bfe2-373236a60686""]",,,,true,2025-03-16 19:53:08.794+00,2025-03-16 19:59:24.706+00,,,069fc81a-14f2-4da7-a696-be53b4446674,false
0fa70d54-9666-4ebb-b75f-4e7b85caec76,67219c67-5f9b-4fa8-8537-f181fe6e911e,b9ee3fec-8a8d-4bf6-ac96-e3ea3a74d5e5,פרטי קשר,"דוא""ל + טלפון יזם לאיש מכירות",תפעול,לא התחילה,medium,,,,,2024-07-15,,2000.00,,,,,true,2025-03-16 19:53:08.794+00,2025-03-16 19:59:24.706+00,,bae6ef6e-2b05-4bd5-93d0-997fdb468cf4,61b10500-ffa9-4cfa-b006-c83bfd640dcd,false
12054b5c-37aa-4aea-bb5c-084445da8f87,2019ef61-a999-40a1-9fdc-589d60d558e7,933bc74c-e69d-448c-9270-85488029d66f,רישום בטאבו,רישום הדירות על שם הרוכשים בטאבו,,todo,medium,,,,,,,,,,,,false,2025-03-16 19:23:26.217+00,2025-03-16 19:23:26.217+00,15,,,false
12db3b3d-b0de-4a3a-bd87-109d217ba30c,67219c67-5f9b-4fa8-8537-f181fe6e911e,b9ee3fec-8a8d-4bf6-ac96-e3ea3a74d5e5,מסירת דירות,מסירת דירות לרוכשים,,todo,high,,,,,,,,,,,,true,2025-03-16 19:53:07.006+00,2025-03-16 19:59:24.706+00,14,,,false
141d4f06-d791-456f-922a-680469c8c544,2019ef61-a999-40a1-9fdc-589d60d558e7,933bc74c-e69d-448c-9270-85488029d66f,גיוס צוות תכנון,"בחירת אדריכל, מהנדסים ויועצים",,todo,medium,,,,,,,,,,,,false,2025-03-16 19:23:26.217+00,2025-03-16 19:23:26.217+00,4,,,false
14325a90-5a38-4bc7-9705-83a719371b5e,2019ef61-a999-40a1-9fdc-589d60d558e7,933bc74c-e69d-448c-9270-85488029d66f,בקיאות בתנאי מימון,והתנהלות פיננסית - סימולציה,מכירות,לא התחילה,medium,,,,,2024-09-20,,8000.00,"[""e2160aaf-dfaa-46ac-9b65-3db670d04a5b""]",,,,true,2025-03-16 19:23:28.442+00,2025-03-16 19:59:24.706+00,,,4d70b462-5e5b-4418-a170-880c72fd5834,false
14f263c6-9802-4037-a4c0-e0174db8bf54,7a9631fb-36f0-4c5f-a524-8fc319b72860,f9a88550-c519-4f18-a166-f23b5a5fc1ab,עבודות תשתית ופיתוח,ביצוע עבודות תשתית ופיתוח באתר,,todo,medium,,,,,,,,,,,,false,2025-03-16 22:31:44.047+00,2025-03-16 22:31:44.047+00,8,,,false
164a9e21-324c-477c-969e-0beb6a7cacea,67219c67-5f9b-4fa8-8537-f181fe6e911e,b9ee3fec-8a8d-4bf6-ac96-e3ea3a74d5e5,מימון חוץ בנקאי,והלוואות משלימות לרוכשים,פיננסי,לא התחילה,medium,,,,,2024-09-25,,15000.00,"[""f5cd07ce-7d42-4f9a-9e5e-373ac88661ce""]",,,,true,2025-03-16 19:53:08.794+00,2025-03-16 19:59:24.706+00,,,aba58941-9dc6-4830-8f04-a1f2ac6bd108,false
16d50b08-497e-4119-8ad3-292dd7260b6e,820ff65a-b6d6-4e05-98e3-79913987b97d,4e0a411d-ee00-49b0-9dc3-06ac4c750f58,"מוצרי קד""מ","שקית, פולדר, מתנה, וואוצ'ר, עציץ, יין",מכירות,לא התחילה,medium,,,,,2024-08-30,,25000.00,,,,,true,2025-03-16 21:55:23.93+00,2025-03-16 21:55:23.93+00,,,e477cb8f-27f8-434a-8553-0b46ad0a0327,false
18fb71fb-7551-4a0b-848d-0111ef045056,67219c67-5f9b-4fa8-8537-f181fe6e911e,b9ee3fec-8a8d-4bf6-ac96-e3ea3a74d5e5,רישום בטאבו,רישום הדירות על שם הרוכשים בטאבו,,todo,medium,,,,,,,,,,,,true,2025-03-16 19:53:08.794+00,2025-03-16 19:59:24.706+00,,,12054b5c-37aa-4aea-bb5c-084445da8f87,false
195cd91b-5bbc-4599-a6a4-8860c8fef50b,b80c8fef-a677-5340-85fb-2c162d75df03,,סקר שוק ומתחרים,מתעדכן רבעונית,תפעול,לא התחילה,medium,,,,,2024-04-15,,12000.00,,,,,false,2025-02-10 10:39:52.839651+00,2025-03-10 19:20:19.293+00,1.3.3,02b0e076-f413-4392-b2eb-634a9c450066,,false
19ea8f82-69a7-492b-b8f1-16508aaadc0b,2019ef61-a999-40a1-9fdc-589d60d558e7,933bc74c-e69d-448c-9270-85488029d66f,משרד מכירות,"גישה, חניה, נוהל אירוח, תפעול סביבת עבודה",תפעול,לא התחילה,medium,,,,,2024-08-25,,150000.00,"[""7368ec58-a397-4fca-ac63-176cbfa78c05""]",,,,true,2025-03-16 19:23:28.442+00,2025-03-16 19:59:24.706+00,,,3c877cf6-3bbd-4ed4-b6d5-cd134394c679,false
1a8d1032-6989-4eba-a476-42eec6bfd736,b80c8fef-a677-5340-85fb-2c162d75df03,,עיצוב גרפי,עובד חברה או חברה חיצונית,שיווק,לא התחילה,medium,,,,,2024-05-25,,20000.00,,,,,false,2025-02-10 10:39:52.839651+00,2025-03-10 19:20:19.293+00,2.1.1,069fc81a-14f2-4da7-a696-be53b4446674,,false
1b2e99e5-45d1-41a5-8bbc-e8b20662d565,67219c67-5f9b-4fa8-8537-f181fe6e911e,b9ee3fec-8a8d-4bf6-ac96-e3ea3a74d5e5,קאפה/רולאפ הפרויקט,לוח מכירות למשרד,מכירות,לא התחילה,medium,,,,,2024-09-05,,8000.00,"[""e4d1c537-9195-4954-b369-95eb57727aa0""]",,,,true,2025-03-16 19:53:08.794+00,2025-03-16 19:59:24.706+00,,,679fc09a-7430-435d-8572-f39dae7822ac,false
1b453c83-e84a-404f-9237-01b0e199a27e,67219c67-5f9b-4fa8-8537-f181fe6e911e,b9ee3fec-8a8d-4bf6-ac96-e3ea3a74d5e5,הדמיות,חוץ ופנים דירות מיוחדות,שיווק,לא התחילה,medium,,,,,2024-07-20,,45000.00,"[""19493831-d4ac-4598-bcc0-bd99954dbcbf""]",,,,true,2025-03-16 19:53:08.794+00,2025-03-16 19:59:24.706+00,,,83624156-c7fc-477c-89de-616fad09a7f9,false
1cb17a3f-d877-4790-9b4f-121eb3a83122,b80c8fef-a677-5340-85fb-2c162d75df03,,"מוצרי קד""מ","שקית, פולדר, מתנה, וואוצ'ר, עציץ, יין",מכירות,לא התחילה,medium,,,,,2024-08-30,,25000.00,,,,,false,2025-02-10 10:39:52.839651+00,2025-03-10 19:20:19.293+00,10,,,false
1cb2ec62-8ffd-4ffa-afe9-aa5d508c411a,67219c67-5f9b-4fa8-8537-f181fe6e911e,b9ee3fec-8a8d-4bf6-ac96-e3ea3a74d5e5,מפרט טכני,הבלטת אלמנטים ייחודיים בפרויקט,תפעול,לא התחילה,medium,,,,,2024-04-25,,6000.00,,,,,true,2025-03-16 19:53:08.794+00,2025-03-16 19:59:24.706+00,,02b0e076-f413-4392-b2eb-634a9c450066,d5f1160d-7316-4e76-9072-e4e7eadb205b,false
1cc61774-0584-4a38-99d3-bedcd6179bc0,820ff65a-b6d6-4e05-98e3-79913987b97d,4e0a411d-ee00-49b0-9dc3-06ac4c750f58,טבלת דירות,"לפי מספר, קומה, טיפוס, שטחים, הצמדות, כיוון, הערכת שמאי",תפעול,לא התחילה,medium,,,,,2024-04-10,,5000.00,,,,,true,2025-03-16 21:55:23.93+00,2025-03-16 21:55:23.93+00,,02b0e076-f413-4392-b2eb-634a9c450066,22dfc840-293f-40ac-ade3-aff4c0dc8bb7,false
21631766-97a4-4940-9185-479974a5c28e,67219c67-5f9b-4fa8-8537-f181fe6e911e,b9ee3fec-8a8d-4bf6-ac96-e3ea3a74d5e5,תהליך שיווק ומכירות,תהליך שיווק ומכירות קיים אצל היזם - תיאום ציפיות ובניית אסטרטגייה,פיתוח עיסקי,in_progress,medium,,,,,2024-03-25,,15000.00,"[""0349662b-eec4-4f38-a288-670bba58cb8b""]",,,,true,2025-03-16 19:53:08.794+00,2025-03-16 19:59:24.706+00,,,bfa7a29a-5584-4288-a7b4-253381b2ea29,false
218c2a3f-156e-47ee-9dcd-482df30f5b77,67219c67-5f9b-4fa8-8537-f181fe6e911e,b9ee3fec-8a8d-4bf6-ac96-e3ea3a74d5e5,תכניות הדירות,"כל דירה בנפרד עם מספר דירה, עדיפות לקבצי DWF או PDF",תפעול,לא התחילה,medium,,0.00,,,2024-04-05,,8000.00,,,,,true,2025-03-16 19:53:08.794+00,2025-03-16 19:59:24.706+00,,02b0e076-f413-4392-b2eb-634a9c450066,abb3b578-6b80-4535-8ddb-aabf1b077f1e,false
225c0700-be40-4b6f-a756-c4fbeabb6708,7a9631fb-36f0-4c5f-a524-8fc319b72860,f9a88550-c519-4f18-a166-f23b5a5fc1ab,רישום בטאבו,רישום הדירות על שם הרוכשים בטאבו,,todo,medium,,,,,,,,,,,,false,2025-03-16 22:31:44.047+00,2025-03-16 22:31:44.047+00,15,,,false
22dfc840-293f-40ac-ade3-aff4c0dc8bb7,2019ef61-a999-40a1-9fdc-589d60d558e7,933bc74c-e69d-448c-9270-85488029d66f,טבלת דירות,"לפי מספר, קומה, טיפוס, שטחים, הצמדות, כיוון, הערכת שמאי",תפעול,לא התחילה,medium,,,,,2024-04-10,,5000.00,,,,,true,2025-03-16 19:23:28.442+00,2025-03-16 19:59:24.706+00,,02b0e076-f413-4392-b2eb-634a9c450066,7c8f4802-d97c-4f5b-8534-b81fcd46c100,false
22f2d0a2-bff7-4c18-85d7-c0dd8ba52d6d,820ff65a-b6d6-4e05-98e3-79913987b97d,4e0a411d-ee00-49b0-9dc3-06ac4c750f58,בנק מלווה,בנק מלווה - היכרות עם הגוף והסכם הליווי,פיננסי,לא התחילה,medium,,,,,2024-05-15,,20000.00,"[""1a4eb47f-e102-4cf4-8334-d7496cd4302f""]",,,,true,2025-03-16 21:55:23.93+00,2025-03-16 21:55:23.93+00,,,7390f344-f531-4d66-8ed3-b564d7db4d22,false
23eb3eb7-b764-487d-b48c-2d81b90f2157,2019ef61-a999-40a1-9fdc-589d60d558e7,933bc74c-e69d-448c-9270-85488029d66f,תכניות הדירות,"כל דירה בנפרד עם מספר דירה, עדיפות לקבצי DWF או PDF",תפעול,לא התחילה,medium,,0.00,,,2024-04-05,,8000.00,,,,,true,2025-03-16 19:23:28.442+00,2025-03-16 19:59:24.706+00,,,abb3b578-6b80-4535-8ddb-aabf1b077f1e,false
240fef9e-ce95-48aa-8861-97b34ac351d5,67219c67-5f9b-4fa8-8537-f181fe6e911e,b9ee3fec-8a8d-4bf6-ac96-e3ea3a74d5e5,בוט ווטסאפ,מספר ייעודי ממומשק למערכת CRM,תפעול,לא התחילה,medium,,,,,2024-07-10,,12000.00,,,,,true,2025-03-16 19:53:08.794+00,2025-03-16 19:59:24.706+00,,bae6ef6e-2b05-4bd5-93d0-997fdb468cf4,68a9f6ec-a964-4de8-a668-f3b98a9e893e,false
24572ac8-791f-45b8-b53c-49844813eea2,b80c8fef-a677-5340-85fb-2c162d75df03,,"נוהל תקשורת מול העו""""ד המלווה",,משפטי,לא התחילה,medium,,,,,2024-06-10,,5000.00,,,,,false,2025-02-10 10:39:52.839651+00,2025-03-10 19:20:19.293+00,2.2.1,bae6ef6e-2b05-4bd5-93d0-997fdb468cf4,,false
246d06b9-e2dc-4c0a-8f82-dbc05b874b29,67219c67-5f9b-4fa8-8537-f181fe6e911e,b9ee3fec-8a8d-4bf6-ac96-e3ea3a74d5e5,מימון חוץ בנקאי,והלוואות משלימות לרוכשים,פיננסי,לא התחילה,medium,,,,,2024-09-25,,15000.00,"[""f5cd07ce-7d42-4f9a-9e5e-373ac88661ce""]",,,,true,2025-03-16 19:53:08.794+00,2025-03-16 19:59:24.706+00,,,30ea9067-149b-425e-b3fe-0b169a2fbd3e,false
24e542e5-7a39-485c-9159-d6f9eb7c6c65,b80c8fef-a677-5340-85fb-2c162d75df03,,הסכמים,"טופס הרשמה, חוזים, מכר",תפעול,לא התחילה,medium,,,,,2024-05-05,,15000.00,,,,,false,2025-02-10 10:39:52.839651+00,2025-03-10 19:20:19.293+00,1.3.6,02b0e076-f413-4392-b2eb-634a9c450066,,false
264789e9-056d-4b31-9c8e-677f9553f0c2,67219c67-5f9b-4fa8-8537-f181fe6e911e,b9ee3fec-8a8d-4bf6-ac96-e3ea3a74d5e5,פרסום ושיווק,פרסום הפרויקט בערוצי מדיה שונים,,todo,medium,,,,,,,,,,,,true,2025-03-16 19:53:07.006+00,2025-03-16 19:59:24.706+00,12,,,false
27ad0259-b1a8-44c5-ad61-27b65cf973c1,67219c67-5f9b-4fa8-8537-f181fe6e911e,b9ee3fec-8a8d-4bf6-ac96-e3ea3a74d5e5,מפרט טכני,הבלטת אלמנטים ייחודיים בפרויקט,תפעול,לא התחילה,medium,,,,,2024-04-25,,6000.00,,,,,true,2025-03-16 19:53:08.794+00,2025-03-16 19:59:24.706+00,,02b0e076-f413-4392-b2eb-634a9c450066,9c6a944f-3806-43ad-97fe-f28365a6a2dd,false
2885b0ad-fc3b-47f4-98b2-402fff4259f8,b80c8fef-a677-5340-85fb-2c162d75df03,,שינויי דיירים,,מכירות,לא התחילה,medium,,,,,2024-06-15,,8000.00,,,,,false,2025-02-10 10:39:52.839651+00,2025-03-10 19:20:19.293+00,2.2.2,bae6ef6e-2b05-4bd5-93d0-997fdb468cf4,,false
28bf306d-27ea-4f22-9d95-b4d4d22283c4,67219c67-5f9b-4fa8-8537-f181fe6e911e,b9ee3fec-8a8d-4bf6-ac96-e3ea3a74d5e5,פרסום ושיווק,פרסום הפרויקט בערוצי מדיה שונים,,todo,medium,,,,,,,,,,,,true,2025-03-16 19:53:08.794+00,2025-03-16 19:59:24.706+00,,,82d1c340-dbb9-4ef3-8342-c33d977a44a6,false
297f81c4-2e75-41b1-bb9d-a68bd53db44b,7a9631fb-36f0-4c5f-a524-8fc319b72860,f9a88550-c519-4f18-a166-f23b5a5fc1ab,בדיקות איכות ותיקונים,ביצוע בדיקות איכות ותיקון ליקויים,,todo,high,,,,,,,,,,,,false,2025-03-16 22:31:44.047+00,2025-03-16 22:31:44.047+00,13,,,false
2a1718c3-c76d-424b-a13b-a7e50fdf5c82,67219c67-5f9b-4fa8-8537-f181fe6e911e,b9ee3fec-8a8d-4bf6-ac96-e3ea3a74d5e5,תנאי וסביבת עבודה,"ריהוט, כיבוד, מסך, צמחיה",מכירות,לא התחילה,medium,,,,,2024-09-10,,45000.00,"[""b3fc083a-96e1-4bf0-b9ca-f0760eab5b8a""]",,,,true,2025-03-16 19:53:08.794+00,2025-03-16 19:59:24.706+00,,,87355366-00d5-4f31-8328-28cf8a392578,false
2adf32e7-c7c1-4229-a84a-833ae917862a,2019ef61-a999-40a1-9fdc-589d60d558e7,933bc74c-e69d-448c-9270-85488029d66f,בנייה,ביצוע עבודות הבנייה,,todo,high,,,,,,,,,,,,false,2025-03-16 19:23:26.217+00,2025-03-16 19:23:26.217+00,9,,,false
2afb919f-d293-4757-b2a5-08be610f5a75,b80c8fef-a677-5340-85fb-2c162d75df03,,מיניסייט,כולל טופס השארת פרטים מתממשק לCRM,שיווק,לא התחילה,medium,,,,,2024-08-20,,35000.00,"[""d42f7d43-e2c4-4d75-868c-6603a566ecd1""]",,,,false,2025-02-10 10:39:52.839651+00,2025-03-10 19:20:19.293+00,10,,,false
2b4441cc-49c4-4f93-8a0c-bc11fa68e2a9,820ff65a-b6d6-4e05-98e3-79913987b97d,4e0a411d-ee00-49b0-9dc3-06ac4c750f58,מפרט טכני,הבלטת אלמנטים ייחודיים בפרויקט,תפעול,לא התחילה,medium,,,,,2024-04-25,,6000.00,,,,,true,2025-03-16 21:55:23.93+00,2025-03-16 21:55:23.93+00,,02b0e076-f413-4392-b2eb-634a9c450066,d5f1160d-7316-4e76-9072-e4e7eadb205b,false
2c9ec172-7bcb-4558-b2ce-e5e4dbfbe9c8,2019ef61-a999-40a1-9fdc-589d60d558e7,933bc74c-e69d-448c-9270-85488029d66f,תהליך שיווק ומכירות,תהליך שיווק ומכירות קיים אצל היזם - תיאום ציפיות ובניית אסטרטגייה,פיתוח עיסקי,in_progress,medium,,,,,2024-03-25,,15000.00,"[""0349662b-eec4-4f38-a288-670bba58cb8b""]",,,,true,2025-03-16 19:23:28.442+00,2025-03-16 19:59:24.706+00,,,bfa7a29a-5584-4288-a7b4-253381b2ea29,false
2dbc1164-b4a2-486b-8ac3-28b2dbdfc9fa,2019ef61-a999-40a1-9fdc-589d60d558e7,933bc74c-e69d-448c-9270-85488029d66f,שלוחות/מספרים,3 שלוחות לפחות,תפעול,לא התחילה,medium,,,,,2024-06-25,,6000.00,,,,,true,2025-03-16 19:23:28.442+00,2025-03-16 19:59:24.706+00,,bae6ef6e-2b05-4bd5-93d0-997fdb468cf4,b6ec2cf6-a239-4f11-97fe-8fe595c8c368,false
2ef6708a-7937-405a-a26b-1a05bfb1ca82,67219c67-5f9b-4fa8-8537-f181fe6e911e,b9ee3fec-8a8d-4bf6-ac96-e3ea3a74d5e5,קאפה/רולאפ הפרויקט,לוח מכירות למשרד,מכירות,לא התחילה,medium,,,,,2024-09-05,,8000.00,"[""e4d1c537-9195-4954-b369-95eb57727aa0""]",,,,true,2025-03-16 19:53:08.794+00,2025-03-16 19:59:24.706+00,,,79fa664e-735c-482c-919b-81647de17463,false
2f299ab2-a644-469f-878c-6198c19fb868,67219c67-5f9b-4fa8-8537-f181fe6e911e,b9ee3fec-8a8d-4bf6-ac96-e3ea3a74d5e5,תכנון אדריכלי ראשוני,הכנת תכניות קונספט ראשוניות,,todo,medium,,,,,,,,,,,,true,2025-03-16 19:53:07.006+00,2025-03-16 19:59:24.706+00,5,,,false
2ffe9361-26b1-43f3-b1f3-850dbaa8a0b4,67219c67-5f9b-4fa8-8537-f181fe6e911e,b9ee3fec-8a8d-4bf6-ac96-e3ea3a74d5e5,התקשרות עם פורטלים,"מדלן, יד 2 ומימשוק למערכת CRM",תפעול,לא התחילה,medium,,,,,2024-07-05,,15000.00,,,,,true,2025-03-16 19:53:08.794+00,2025-03-16 19:59:24.706+00,,bae6ef6e-2b05-4bd5-93d0-997fdb468cf4,5bcc9a12-3858-4d8b-84e9-be950b361067,false
30a68cbf-f380-4ce3-a0f4-1aa061decde1,b80c8fef-a677-5340-85fb-2c162d75df03,,עריכת סקר לפי נוהל מסודר,עריכת סקר לפי נוהל מסודר,תפעול,לא התחילה,medium,,,,,2024-04-20,,8000.00,,,,,false,2025-02-10 10:39:52.839651+00,2025-03-10 19:20:19.293+00,1.3.3.1,195cd91b-5bbc-4599-a6a4-8860c8fef50b,,false
30d3ccda-22df-431a-ada3-ef167f1abf09,67219c67-5f9b-4fa8-8537-f181fe6e911e,b9ee3fec-8a8d-4bf6-ac96-e3ea3a74d5e5,בדבדבדב,,,todo,medium,,,,,,,,,,,,true,2025-03-16 19:53:08.794+00,2025-03-16 19:59:24.706+00,,abb3b578-6b80-4535-8ddb-aabf1b077f1e,c122ff93-afe5-4517-a3c0-b97bc6e45942,false
30ea9067-149b-425e-b3fe-0b169a2fbd3e,b80c8fef-a677-5340-85fb-2c162d75df03,,מימון חוץ בנקאי,והלוואות משלימות לרוכשים,פיננסי,לא התחילה,medium,,,,,2024-09-25,,15000.00,"[""f5cd07ce-7d42-4f9a-9e5e-373ac88661ce""]",,,,false,2025-02-10 10:39:52.839651+00,2025-03-10 19:20:19.293+00,10,,,false
32d72aab-99ba-44e2-9286-eb05344ac1d2,67219c67-5f9b-4fa8-8537-f181fe6e911e,b9ee3fec-8a8d-4bf6-ac96-e3ea3a74d5e5,הסכמים,"טופס הרשמה, חוזים, מכר",תפעול,לא התחילה,medium,,,,,2024-05-05,,15000.00,,,,,true,2025-03-16 19:53:08.794+00,2025-03-16 19:59:24.706+00,,02b0e076-f413-4392-b2eb-634a9c450066,24e542e5-7a39-485c-9159-d6f9eb7c6c65,false
33090655-f309-46d3-aebf-4aae94afecf1,820ff65a-b6d6-4e05-98e3-79913987b97d,4e0a411d-ee00-49b0-9dc3-06ac4c750f58,עמוד עיסקי,הרשאת מנהל מודעות,תפעול,לא התחילה,medium,,,,,2024-06-30,,4000.00,,,,,true,2025-03-16 21:55:23.93+00,2025-03-16 21:55:23.93+00,,bae6ef6e-2b05-4bd5-93d0-997fdb468cf4,46ff5964-1688-484b-833d-adddffc48382,false
36c19f7d-cdb9-4d6f-bce6-f4bf7176f923,67219c67-5f9b-4fa8-8537-f181fe6e911e,b9ee3fec-8a8d-4bf6-ac96-e3ea3a74d5e5,משרד מכירות,"גישה, חניה, נוהל אירוח, תפעול סביבת עבודה",תפעול,לא התחילה,medium,,,,,2024-08-25,,150000.00,"[""7368ec58-a397-4fca-ac63-176cbfa78c05""]",,,,true,2025-03-16 19:53:08.794+00,2025-03-16 19:59:24.706+00,,,3c877cf6-3bbd-4ed4-b6d5-cd134394c679,false
37a92912-bf79-4ddc-9178-3020b1d3a4d7,b80c8fef-a677-5340-85fb-2c162d75df03,,בוט ווטסאפ,מספר ייעודי ממומשק למערכת CRM,תפעול,לא התחילה,medium,,,,,2024-07-10,,12000.00,,,,,false,2025-02-10 10:39:52.839651+00,2025-03-10 19:20:19.293+00,2.2.7,bae6ef6e-2b05-4bd5-93d0-997fdb468cf4,,false
38383242-694e-43a5-adad-bb152d71c9da,67219c67-5f9b-4fa8-8537-f181fe6e911e,b9ee3fec-8a8d-4bf6-ac96-e3ea3a74d5e5,רשימת אנשי קשר,"בחברה, יועצים וספקים לפרויקט",תפעול,לא התחילה,medium,,,,,2024-04-30,,3000.00,,,,,true,2025-03-16 19:53:08.794+00,2025-03-16 19:59:24.706+00,,02b0e076-f413-4392-b2eb-634a9c450066,76361eef-b50e-42cc-a759-6aaaf113aa62,false
3c1e26e7-b061-4f37-b234-796d6421b916,67219c67-5f9b-4fa8-8537-f181fe6e911e,b9ee3fec-8a8d-4bf6-ac96-e3ea3a74d5e5,שינויי דיירים,,מכירות,לא התחילה,medium,,,,,2024-06-15,,8000.00,,,,,true,2025-03-16 19:53:08.794+00,2025-03-16 19:59:24.706+00,,bae6ef6e-2b05-4bd5-93d0-997fdb468cf4,2885b0ad-fc3b-47f4-98b2-402fff4259f8,false
3c55274f-60c3-4891-9c40-f1a2075fd86a,67219c67-5f9b-4fa8-8537-f181fe6e911e,b9ee3fec-8a8d-4bf6-ac96-e3ea3a74d5e5,רישום בטאבו,רישום הדירות על שם הרוכשים בטאבו,,todo,medium,,,,,,,,,,,,true,2025-03-16 19:53:07.006+00,2025-03-16 19:59:24.706+00,15,,,false
3c877cf6-3bbd-4ed4-b6d5-cd134394c679,b80c8fef-a677-5340-85fb-2c162d75df03,,משרד מכירות,"גישה, חניה, נוהל אירוח, תפעול סביבת עבודה",תפעול,לא התחילה,medium,,,,,2024-08-25,,150000.00,"[""7368ec58-a397-4fca-ac63-176cbfa78c05""]",,,,false,2025-02-10 10:39:52.839651+00,2025-03-10 19:20:19.293+00,10,,,false
40ec2a08-6bd9-43de-9956-107b724c6dee,820ff65a-b6d6-4e05-98e3-79913987b97d,4e0a411d-ee00-49b0-9dc3-06ac4c750f58,הקמת פרויקט במערכת,הקמת פרויקט במערכת ושליחת צ'קליסט ליזם להעלאת חומרים,תפעול,לא התחילה,medium,,,,,2024-03-30,,25000.00,"[""a579333d-4dbd-460f-9273-1a43799bd64d""]",,,,true,2025-03-16 21:55:23.93+00,2025-03-16 21:55:23.93+00,,,6321b9a6-ee73-416f-a792-071e2cfa52bb,false
41d87087-37bb-4216-ad21-9079a9bb7084,820ff65a-b6d6-4e05-98e3-79913987b97d,4e0a411d-ee00-49b0-9dc3-06ac4c750f58,הפעלת קמפיין בסושיאל,פייסבוק/אינסטגרם/מיניסייט,שיווק,לא התחילה,medium,,,,,2024-08-10,,25000.00,"[""37202f46-4168-4584-8582-ef2ff6303e56""]",,,,true,2025-03-16 21:55:23.93+00,2025-03-16 21:55:23.93+00,,,5d232f43-1048-43dc-86db-d0539ae29541,false
41f6072e-5327-423b-9239-89b24bc58be7,7a9631fb-36f0-4c5f-a524-8fc319b72860,f9a88550-c519-4f18-a166-f23b5a5fc1ab,הכנת תכנית שיווק,גיבוש אסטרטגיית שיווק ומכירות,,todo,medium,,,,,,,,,,,,false,2025-03-16 22:31:44.047+00,2025-03-16 22:31:44.047+00,10,,,false
433ef99b-40ee-4309-9a28-2a0ac572c754,2019ef61-a999-40a1-9fdc-589d60d558e7,933bc74c-e69d-448c-9270-85488029d66f,סקר שוק עצמי,של מנהל המכירות והיכרות של הנתונים,מכירות,לא התחילה,medium,,,,,2024-09-15,,10000.00,"[""6fcf9f80-96bc-4a5c-b8eb-d95a44c695d9""]",,,,true,2025-03-16 19:23:28.442+00,2025-03-16 19:59:24.706+00,,,e2103b3e-84c4-4f15-b752-876f01b62fff,false
443c30f9-ef2a-4bd3-9919-b60097bda079,67219c67-5f9b-4fa8-8537-f181fe6e911e,b9ee3fec-8a8d-4bf6-ac96-e3ea3a74d5e5,סיורים וירטואליים,"גן, פנטהאוס, 2 טיפוסים",שיווק,לא התחילה,medium,,,,,2024-07-25,,30000.00,"[""c11919f1-4fea-4e1a-a1de-fa9c8c703a1c""]",,,,true,2025-03-16 19:53:08.794+00,2025-03-16 19:59:24.706+00,,,f6ea347d-34e6-4d3a-9180-6c7e54256214,false
46ff5964-1688-484b-833d-adddffc48382,67219c67-5f9b-4fa8-8537-f181fe6e911e,b9ee3fec-8a8d-4bf6-ac96-e3ea3a74d5e5,עמוד עיסקי,הרשאת מנהל מודעות,תפעול,לא התחילה,medium,,,,,2024-06-30,,4000.00,,,,,true,2025-03-16 19:53:08.794+00,2025-03-16 19:59:24.706+00,,bae6ef6e-2b05-4bd5-93d0-997fdb468cf4,6781b896-6890-40ce-9a6f-0e354e1f4384,false
47047cb0-5ead-4330-b624-8d2137b35d70,67219c67-5f9b-4fa8-8537-f181fe6e911e,b9ee3fec-8a8d-4bf6-ac96-e3ea3a74d5e5,צילום רחפן ו/או 360,,שיווק,todo,medium,,,,,2024-07-30,,8000.00,"[""25c370c4-3b65-4e03-8443-1e2f5688047d""]",,,,true,2025-03-16 19:53:08.794+00,2025-03-16 19:59:24.706+00,,,c6cd2065-ff89-4ce3-b25d-2c85f0d080ec,false
4d1a8017-55ce-40cf-9659-94fe7d8a8861,67219c67-5f9b-4fa8-8537-f181fe6e911e,b9ee3fec-8a8d-4bf6-ac96-e3ea3a74d5e5,נוהל תקשורת והעברת נתונים,,תפעול,לא התחילה,medium,,,,,2024-06-05,,10000.00,"[""124245e1-345a-4961-84a2-93226b0087bc""]",,,,true,2025-03-16 19:53:08.794+00,2025-03-16 19:59:24.706+00,,,bae6ef6e-2b05-4bd5-93d0-997fdb468cf4,false
4d70b462-5e5b-4418-a170-880c72fd5834,b80c8fef-a677-5340-85fb-2c162d75df03,,בקיאות בתנאי מימון,והתנהלות פיננסית - סימולציה,מכירות,לא התחילה,medium,,,,,2024-09-20,,8000.00,"[""e2160aaf-dfaa-46ac-9b65-3db670d04a5b""]",,,,false,2025-02-10 10:39:52.839651+00,2025-03-10 19:20:19.293+00,10,,,false
4dc02ea3-5621-430a-be13-8a2cdc4c7393,67219c67-5f9b-4fa8-8537-f181fe6e911e,b9ee3fec-8a8d-4bf6-ac96-e3ea3a74d5e5,שיחת היכרות,"שיחת היכרות עם החברה ופועלה, רקע יחודי להיכרות הפרויקט",פיתוח עיסקי,in_progress,high,,,,,2024-03-20,,,,"[""22daaa9f-4a28-4bef-913b-58fd2e9f9452"",""664bbc37-c733-47e2-8dab-0828b3b603dd""]","[""4daff147-9a25-4b00-b388-b1a03f4b8c93""]",,true,2025-03-16 19:53:08.794+00,2025-03-16 19:59:24.706+00,,,f39d5267-d26b-4d63-af91-2df228b1dd3f,false
4df6c283-bf43-48f4-8f3f-a513d9c48edc,b80c8fef-a677-5340-85fb-2c162d75df03,,תנאי וסביבת עבודה,"ריהוט, כיבוד, מסך, צמחיה",מכירות,לא התחילה,medium,,,,,2024-09-10,,45000.00,"[""b3fc083a-96e1-4bf0-b9ca-f0760eab5b8a""]",,,,false,2025-02-10 10:39:52.839651+00,2025-03-10 19:20:19.293+00,10,,,false
4fd5ce2d-bced-4651-8f60-ced16b1871c9,67219c67-5f9b-4fa8-8537-f181fe6e911e,b9ee3fec-8a8d-4bf6-ac96-e3ea3a74d5e5,התקשרות עם פורטלים,"מדלן, יד 2 ומימשוק למערכת CRM",תפעול,לא התחילה,medium,,,,,2024-07-05,,15000.00,,,,,true,2025-03-16 19:53:08.794+00,2025-03-16 19:59:24.706+00,,bae6ef6e-2b05-4bd5-93d0-997fdb468cf4,ba80ad8b-5227-4938-838c-bd9d573bd2ad,false
4fecea8b-6498-49bc-9a15-aac90e0b115e,67219c67-5f9b-4fa8-8537-f181fe6e911e,b9ee3fec-8a8d-4bf6-ac96-e3ea3a74d5e5,"הפעלת עמוד מדל""""ן + יד 2",,שיווק,in_progress,medium,,,,,2024-08-05,,12000.00,"[""150fa7c6-857d-45c3-9049-3f317f818ae8""]",,,,true,2025-03-16 19:53:08.794+00,2025-03-16 19:59:24.706+00,,,e81a835d-6134-4e9e-a7b2-b058620dd60f,false
50a8ce8f-ee9e-4b95-9082-5b92552deb3a,7a9631fb-36f0-4c5f-a524-8fc319b72860,f9a88550-c519-4f18-a166-f23b5a5fc1ab,גיוס צוות תכנון,"בחירת אדריכל, מהנדסים ויועצים",,todo,medium,,,,,,,,,,,,false,2025-03-16 22:31:44.047+00,2025-03-16 22:31:44.047+00,4,,,false
50d977d6-0fb5-41c3-b3d1-f686c933000c,67219c67-5f9b-4fa8-8537-f181fe6e911e,b9ee3fec-8a8d-4bf6-ac96-e3ea3a74d5e5,בדיקות איכות ותיקונים,ביצוע בדיקות איכות ותיקון ליקויים,,todo,high,,,,,,,,,,,,true,2025-03-16 19:53:07.006+00,2025-03-16 19:59:24.706+00,13,,,false
5277b1fe-4009-4641-bf39-0fa0d2c52bee,2019ef61-a999-40a1-9fdc-589d60d558e7,933bc74c-e69d-448c-9270-85488029d66f,תכנון אדריכלי ראשוני,הכנת תכניות קונספט ראשוניות,,todo,medium,,,,,,,,,,,,false,2025-03-16 19:23:26.217+00,2025-03-16 19:23:26.217+00,5,,,false
52f605be-edb2-45fb-ab39-897b203e55a5,2019ef61-a999-40a1-9fdc-589d60d558e7,933bc74c-e69d-448c-9270-85488029d66f,מערכת CRM,הקמת 3 משתמשים,תפעול,לא התחילה,medium,,,,,2024-06-20,,25000.00,,,,,true,2025-03-16 19:23:28.442+00,2025-03-16 19:59:24.706+00,,bae6ef6e-2b05-4bd5-93d0-997fdb468cf4,758a03dc-32be-48cf-9e0d-cd4b49178f09,false
53588b67-c3bb-40a8-8901-1f0d7f6723f1,67219c67-5f9b-4fa8-8537-f181fe6e911e,b9ee3fec-8a8d-4bf6-ac96-e3ea3a74d5e5,גרפיקות לשלט פרויקט,ו/או חומה מדברת,שיווק,לא התחילה,medium,,,,,2024-08-15,,18000.00,"[""b6f2fec4-c86f-4aa4-9b6f-c74e7b4f0100""]",,,,true,2025-03-16 19:53:08.794+00,2025-03-16 19:59:24.706+00,,,c68cf2a2-0a16-4780-812c-d41032ffb90e,false
55415df8-9c75-4027-ba7e-8d3be81c9706,820ff65a-b6d6-4e05-98e3-79913987b97d,4e0a411d-ee00-49b0-9dc3-06ac4c750f58,קאפה/רולאפ הפרויקט,לוח מכירות למשרד,מכירות,לא התחילה,medium,,,,,2024-09-05,,8000.00,"[""e4d1c537-9195-4954-b369-95eb57727aa0""]",,,,true,2025-03-16 21:55:23.93+00,2025-03-16 21:55:23.93+00,,,2ef6708a-7937-405a-a26b-1a05bfb1ca82,false
5766b193-2780-4f00-8313-2e07089987c4,67219c67-5f9b-4fa8-8537-f181fe6e911e,b9ee3fec-8a8d-4bf6-ac96-e3ea3a74d5e5,בוט ווטסאפ,מספר ייעודי ממומשק למערכת CRM,תפעול,לא התחילה,medium,,,,,2024-07-10,,12000.00,,,,,true,2025-03-16 19:53:08.794+00,2025-03-16 19:59:24.706+00,,bae6ef6e-2b05-4bd5-93d0-997fdb468cf4,37a92912-bf79-4ddc-9178-3020b1d3a4d7,false
5a33738b-617c-4566-8f21-7de71f2f15a3,67219c67-5f9b-4fa8-8537-f181fe6e911e,b9ee3fec-8a8d-4bf6-ac96-e3ea3a74d5e5,נוהל טיפול בצ'ק הרשמה,,מכירות,in_progress,medium,,0.00,,,2024-09-30,,5000.00,"[""d20a705b-d720-464f-82f1-7b5adfa5b2a3""]",,,,true,2025-03-16 19:53:08.794+00,2025-03-16 19:59:24.706+00,,,f7f3dfb6-ddc1-42e5-9585-97ca51d65be6,false
5bcc9a12-3858-4d8b-84e9-be950b361067,b80c8fef-a677-5340-85fb-2c162d75df03,,התקשרות עם פורטלים,"מדלן, יד 2 ומימשוק למערכת CRM",תפעול,לא התחילה,medium,,,,,2024-07-05,,15000.00,,,,,false,2025-02-10 10:39:52.839651+00,2025-03-10 19:20:19.293+00,2.2.6,bae6ef6e-2b05-4bd5-93d0-997fdb468cf4,,false
5d232f43-1048-43dc-86db-d0539ae29541,67219c67-5f9b-4fa8-8537-f181fe6e911e,b9ee3fec-8a8d-4bf6-ac96-e3ea3a74d5e5,הפעלת קמפיין בסושיאל,פייסבוק/אינסטגרם/מיניסייט,שיווק,לא התחילה,medium,,,,,2024-08-10,,25000.00,"[""37202f46-4168-4584-8582-ef2ff6303e56""]",,,,true,2025-03-16 19:53:08.794+00,2025-03-16 19:59:24.706+00,,,bec63aba-6728-49bb-adad-0b2de79111db,false
5dad8973-c9a7-475b-979e-ded809606ad8,820ff65a-b6d6-4e05-98e3-79913987b97d,4e0a411d-ee00-49b0-9dc3-06ac4c750f58,מיניסייט,כולל טופס השארת פרטים מתממשק לCRM,שיווק,לא התחילה,medium,,,,,2024-08-20,,35000.00,"[""d42f7d43-e2c4-4d75-868c-6603a566ecd1""]",,,,true,2025-03-16 21:55:23.93+00,2025-03-16 21:55:23.93+00,,,ca854fa2-2e37-448f-97c3-01707c294dd1,false
5eb93348-206e-4b4c-ae10-a3af5cac376b,67219c67-5f9b-4fa8-8537-f181fe6e911e,b9ee3fec-8a8d-4bf6-ac96-e3ea3a74d5e5,מסירת דירות,מסירת דירות לרוכשים,,todo,high,,,,,,,,,,,,true,2025-03-16 19:53:08.794+00,2025-03-16 19:59:24.706+00,,,744dcf54-2167-4e5d-a818-1db9531be6a4,false
6064b634-b81d-4ae9-9ac7-dd8940af8345,7a9631fb-36f0-4c5f-a524-8fc319b72860,f9a88550-c519-4f18-a166-f23b5a5fc1ab,בדיקת היתכנות ראשונית,"בדיקת תב""ע, זכויות בנייה, ומגבלות תכנוניות",,todo,high,,,,,,,,,,,,false,2025-03-16 22:31:44.047+00,2025-03-16 22:31:44.047+00,2,,,false
61a30587-4a67-4c9c-a606-a1f73b19aeb4,67219c67-5f9b-4fa8-8537-f181fe6e911e,b9ee3fec-8a8d-4bf6-ac96-e3ea3a74d5e5,סיורים וירטואליים,"גן, פנטהאוס, 2 טיפוסים",שיווק,לא התחילה,medium,,,,,2024-07-25,,30000.00,"[""c11919f1-4fea-4e1a-a1de-fa9c8c703a1c""]",,,,true,2025-03-16 19:53:08.794+00,2025-03-16 19:59:24.706+00,,,8b41dff2-da4a-497a-85ea-141e1c033ffa,false
61b10500-ffa9-4cfa-b006-c83bfd640dcd,2019ef61-a999-40a1-9fdc-589d60d558e7,933bc74c-e69d-448c-9270-85488029d66f,פרטי קשר,"דוא""ל + טלפון יזם לאיש מכירות",תפעול,לא התחילה,medium,,,,,2024-07-15,,2000.00,,,,,true,2025-03-16 19:23:28.442+00,2025-03-16 19:59:24.706+00,,bae6ef6e-2b05-4bd5-93d0-997fdb468cf4,d69fa937-8519-4069-98dd-c49b56e344e4,false
61d6f0bd-92ed-4ef0-a313-17d6b5337442,7a9631fb-36f0-4c5f-a524-8fc319b72860,f9a88550-c519-4f18-a166-f23b5a5fc1ab,תכנון אדריכלי ראשוני,הכנת תכניות קונספט ראשוניות,,todo,medium,,,,,,,,,,,,false,2025-03-16 22:31:44.047+00,2025-03-16 22:31:44.047+00,5,,,false
6321b9a6-ee73-416f-a792-071e2cfa52bb,67219c67-5f9b-4fa8-8537-f181fe6e911e,b9ee3fec-8a8d-4bf6-ac96-e3ea3a74d5e5,הקמת פרויקט במערכת,הקמת פרויקט במערכת ושליחת צ'קליסט ליזם להעלאת חומרים,תפעול,לא התחילה,medium,,,,,2024-03-30,,25000.00,"[""a579333d-4dbd-460f-9273-1a43799bd64d""]",,,,true,2025-03-16 19:53:08.794+00,2025-03-16 19:59:24.706+00,,,8d429d2c-72b4-484f-9043-5eefd1a4144f,false
63897df5-82d5-47f5-a46a-a28a08c508e9,67219c67-5f9b-4fa8-8537-f181fe6e911e,b9ee3fec-8a8d-4bf6-ac96-e3ea3a74d5e5,קופירייטר,עובד חברה או חברה חיצונית,שיווק,לא התחילה,medium,,,,,2024-05-30,,15000.00,,,,,true,2025-03-16 19:53:08.794+00,2025-03-16 19:59:24.706+00,,069fc81a-14f2-4da7-a696-be53b4446674,81f49ef5-d727-4fb1-a54d-642894252c49,false
63f0a77a-579f-4232-80a1-c626abbfd9fa,2019ef61-a999-40a1-9fdc-589d60d558e7,933bc74c-e69d-448c-9270-85488029d66f,גרפיקות לשלט פרויקט,ו/או חומה מדברת,שיווק,לא התחילה,medium,,,,,2024-08-15,,18000.00,"[""b6f2fec4-c86f-4aa4-9b6f-c74e7b4f0100""]",,,,true,2025-03-16 19:23:28.442+00,2025-03-16 19:59:24.706+00,,,c68cf2a2-0a16-4780-812c-d41032ffb90e,false
6432fdcc-17df-4662-bc5d-24d2eb6930bb,820ff65a-b6d6-4e05-98e3-79913987b97d,4e0a411d-ee00-49b0-9dc3-06ac4c750f58,מימון חוץ בנקאי,והלוואות משלימות לרוכשים,פיננסי,לא התחילה,medium,,,,,2024-09-25,,15000.00,"[""f5cd07ce-7d42-4f9a-9e5e-373ac88661ce""]",,,,false,2025-03-16 21:55:23.93+00,2025-03-16 21:55:23.93+00,,,30ea9067-149b-425e-b3fe-0b169a2fbd3e,false
6457df4f-2e38-4022-a788-66aef74e18f3,820ff65a-b6d6-4e05-98e3-79913987b97d,4e0a411d-ee00-49b0-9dc3-06ac4c750f58,פרטי קשר,"דוא""ל + טלפון יזם לאיש מכירות",תפעול,לא התחילה,medium,,,,,2024-07-15,,2000.00,,,,,true,2025-03-16 21:55:23.93+00,2025-03-16 21:55:23.93+00,,bae6ef6e-2b05-4bd5-93d0-997fdb468cf4,61b10500-ffa9-4cfa-b006-c83bfd640dcd,false
666c2e0e-31f8-4cdd-8276-3f36e06619d6,2019ef61-a999-40a1-9fdc-589d60d558e7,933bc74c-e69d-448c-9270-85488029d66f,צילום רחפן ו/או 360,,שיווק,todo,medium,,,,,2024-07-30,,8000.00,"[""25c370c4-3b65-4e03-8443-1e2f5688047d""]",,,,true,2025-03-16 19:23:28.443+00,2025-03-16 19:59:24.706+00,,,c6cd2065-ff89-4ce3-b25d-2c85f0d080ec,false
6781b896-6890-40ce-9a6f-0e354e1f4384,2019ef61-a999-40a1-9fdc-589d60d558e7,933bc74c-e69d-448c-9270-85488029d66f,עמוד עיסקי,הרשאת מנהל מודעות,תפעול,לא התחילה,medium,,,,,2024-06-30,,4000.00,,,,,true,2025-03-16 19:23:28.442+00,2025-03-16 19:59:24.706+00,,bae6ef6e-2b05-4bd5-93d0-997fdb468cf4,73b65ef8-a548-461f-9f4b-35e3d2299e99,false
679fc09a-7430-435d-8572-f39dae7822ac,b80c8fef-a677-5340-85fb-2c162d75df03,,קאפה/רולאפ הפרויקט,לוח מכירות למשרד,מכירות,לא התחילה,medium,,,,,2024-09-05,,8000.00,"[""e4d1c537-9195-4954-b369-95eb57727aa0""]",,,,false,2025-02-10 10:39:52.839651+00,2025-03-10 19:20:19.293+00,10,,,false
68a9f6ec-a964-4de8-a668-f3b98a9e893e,2019ef61-a999-40a1-9fdc-589d60d558e7,933bc74c-e69d-448c-9270-85488029d66f,בוט ווטסאפ,מספר ייעודי ממומשק למערכת CRM,תפעול,לא התחילה,medium,,,,,2024-07-10,,12000.00,,,,,true,2025-03-16 19:23:28.442+00,2025-03-16 19:59:24.706+00,,bae6ef6e-2b05-4bd5-93d0-997fdb468cf4,37a92912-bf79-4ddc-9178-3020b1d3a4d7,false
69a5f734-5ae7-4340-81db-31f163b30768,7a9631fb-36f0-4c5f-a524-8fc319b72860,f9a88550-c519-4f18-a166-f23b5a5fc1ab,בחירת קבלן מבצע,"פרסום מכרז, קבלת הצעות ובחירת קבלן",,todo,high,,,,,,,,,,,,false,2025-03-16 22:31:44.047+00,2025-03-16 22:31:44.047+00,7,,,false
6add9527-2510-45f4-90c4-56ec186e0814,2019ef61-a999-40a1-9fdc-589d60d558e7,933bc74c-e69d-448c-9270-85488029d66f,עריכת סקר לפי נוהל מסודר,עריכת סקר לפי נוהל מסודר,תפעול,לא התחילה,medium,,,,,2024-04-20,,8000.00,,,,,true,2025-03-16 19:23:28.442+00,2025-03-16 19:59:24.706+00,,195cd91b-5bbc-4599-a6a4-8860c8fef50b,30a68cbf-f380-4ce3-a0f4-1aa061decde1,false
6b34bf26-e99c-46f6-9c78-5a6d092a2cdf,820ff65a-b6d6-4e05-98e3-79913987b97d,4e0a411d-ee00-49b0-9dc3-06ac4c750f58,שלוחות/מספרים,3 שלוחות לפחות,תפעול,לא התחילה,medium,,,,,2024-06-25,,6000.00,,,,,true,2025-03-16 21:55:23.93+00,2025-03-16 21:55:23.93+00,,bae6ef6e-2b05-4bd5-93d0-997fdb468cf4,d4769208-4478-412a-962b-e36573417f6d,false
6b43c13b-7d1a-4c7c-89ae-0947bed6efa1,67219c67-5f9b-4fa8-8537-f181fe6e911e,b9ee3fec-8a8d-4bf6-ac96-e3ea3a74d5e5,צילום רחפן ו/או 360,,שיווק,todo,medium,,,,,2024-07-30,,8000.00,"[""25c370c4-3b65-4e03-8443-1e2f5688047d""]",,,,true,2025-03-16 19:53:08.794+00,2025-03-16 19:59:24.706+00,,,666c2e0e-31f8-4cdd-8276-3f36e06619d6,false
6c62aa17-63b4-4acd-a672-8d4a5679e7ba,67219c67-5f9b-4fa8-8537-f181fe6e911e,b9ee3fec-8a8d-4bf6-ac96-e3ea3a74d5e5,בדבדבדב,,,todo,medium,,,,,,,,,,,,true,2025-03-16 19:53:08.794+00,2025-03-16 19:59:24.706+00,,abb3b578-6b80-4535-8ddb-aabf1b077f1e,f66c57b1-ae4f-4d59-91b6-3bddbf1b3c5b,false
6eb7601f-b749-4576-9f37-d48193371b32,2019ef61-a999-40a1-9fdc-589d60d558e7,933bc74c-e69d-448c-9270-85488029d66f,"נוהל תקשורת מול העו""""ד המלווה",,משפטי,לא התחילה,medium,,,,,2024-06-10,,5000.00,,,,,true,2025-03-16 19:23:28.442+00,2025-03-16 19:59:24.706+00,,bae6ef6e-2b05-4bd5-93d0-997fdb468cf4,24572ac8-791f-45b8-b53c-49844813eea2,false
729a5556-1aa8-427e-a553-7e31b4fbf7cf,67219c67-5f9b-4fa8-8537-f181fe6e911e,b9ee3fec-8a8d-4bf6-ac96-e3ea3a74d5e5,משא ומתן לרכישת הקרקע,"ניהול מו""מ עם בעלי הקרקע וגיבוש הסכם",,todo,high,,,,,,,,,,,,true,2025-03-16 19:53:07.006+00,2025-03-16 19:59:24.706+00,3,,,false
7390f344-f531-4d66-8ed3-b564d7db4d22,67219c67-5f9b-4fa8-8537-f181fe6e911e,b9ee3fec-8a8d-4bf6-ac96-e3ea3a74d5e5,בנק מלווה,בנק מלווה - היכרות עם הגוף והסכם הליווי,פיננסי,לא התחילה,medium,,,,,2024-05-15,,20000.00,"[""1a4eb47f-e102-4cf4-8334-d7496cd4302f""]",,,,true,2025-03-16 19:53:08.794+00,2025-03-16 19:59:24.706+00,,,fe7e2144-4da0-4e44-be6e-d8c014fd97a2,false
73a6e717-b602-431a-83b9-33587c726bdb,67219c67-5f9b-4fa8-8537-f181fe6e911e,b9ee3fec-8a8d-4bf6-ac96-e3ea3a74d5e5,תהליך שיווק ומכירות,תהליך שיווק ומכירות קיים אצל היזם - תיאום ציפיות ובניית אסטרטגייה,פיתוח עיסקי,in_progress,medium,,,,,2024-03-25,,15000.00,"[""0349662b-eec4-4f38-a288-670bba58cb8b""]",,,,true,2025-03-16 19:53:08.794+00,2025-03-16 19:59:24.706+00,,,2c9ec172-7bcb-4558-b2ce-e5e4dbfbe9c8,false
73b65ef8-a548-461f-9f4b-35e3d2299e99,b80c8fef-a677-5340-85fb-2c162d75df03,,עמוד עיסקי,הרשאת מנהל מודעות,תפעול,לא התחילה,medium,,,,,2024-06-30,,4000.00,,,,,false,2025-02-10 10:39:52.839651+00,2025-03-10 19:20:19.293+00,2.2.5,bae6ef6e-2b05-4bd5-93d0-997fdb468cf4,,false
744dcf54-2167-4e5d-a818-1db9531be6a4,2019ef61-a999-40a1-9fdc-589d60d558e7,933bc74c-e69d-448c-9270-85488029d66f,מסירת דירות,מסירת דירות לרוכשים,,todo,high,,,,,,,,,,,,false,2025-03-16 19:23:26.217+00,2025-03-16 19:23:26.217+00,14,,,false
758a03dc-32be-48cf-9e0d-cd4b49178f09,b80c8fef-a677-5340-85fb-2c162d75df03,,מערכת CRM,הקמת 3 משתמשים,תפעול,לא התחילה,medium,,,,,2024-06-20,,25000.00,,,,,false,2025-02-10 10:39:52.839651+00,2025-03-10 19:20:19.293+00,2.2.3,bae6ef6e-2b05-4bd5-93d0-997fdb468cf4,,false
75e38ddb-b722-41f9-a254-f2698655a8ff,67219c67-5f9b-4fa8-8537-f181fe6e911e,b9ee3fec-8a8d-4bf6-ac96-e3ea3a74d5e5,"מוצרי קד""מ","שקית, פולדר, מתנה, וואוצ'ר, עציץ, יין",מכירות,לא התחילה,medium,,,,,2024-08-30,,25000.00,,,,,true,2025-03-16 19:53:08.794+00,2025-03-16 19:59:24.706+00,,,8452a07d-3eed-4eb3-9520-36c44221da5b,false
760c7e71-945c-4d83-8950-38a1070b5df7,67219c67-5f9b-4fa8-8537-f181fe6e911e,b9ee3fec-8a8d-4bf6-ac96-e3ea3a74d5e5,בקיאות בתנאי מימון,והתנהלות פיננסית - סימולציה,מכירות,לא התחילה,medium,,,,,2024-09-20,,8000.00,"[""e2160aaf-dfaa-46ac-9b65-3db670d04a5b""]",,,,true,2025-03-16 19:53:08.794+00,2025-03-16 19:59:24.706+00,,,4d70b462-5e5b-4418-a170-880c72fd5834,false
76361eef-b50e-42cc-a759-6aaaf113aa62,2019ef61-a999-40a1-9fdc-589d60d558e7,933bc74c-e69d-448c-9270-85488029d66f,רשימת אנשי קשר,"בחברה, יועצים וספקים לפרויקט",תפעול,לא התחילה,medium,,,,,2024-04-30,,3000.00,,,,,true,2025-03-16 19:23:28.442+00,2025-03-16 19:59:24.706+00,,02b0e076-f413-4392-b2eb-634a9c450066,ce26a0cd-d85b-4760-9268-75aa310d978a,false
7774a4db-ed0a-43f6-a8de-f96d2a1d1cd8,67219c67-5f9b-4fa8-8537-f181fe6e911e,b9ee3fec-8a8d-4bf6-ac96-e3ea3a74d5e5,הקמת פרויקט במערכת,הקמת פרויקט במערכת ושליחת צ'קליסט ליזם להעלאת חומרים,תפעול,לא התחילה,medium,,,,,2024-03-30,,25000.00,"[""a579333d-4dbd-460f-9273-1a43799bd64d""]",,,,true,2025-03-16 19:53:08.794+00,2025-03-16 19:59:24.706+00,,,02b0e076-f413-4392-b2eb-634a9c450066,false
78c0984d-d7ad-44ea-afad-eb2081678aa6,2019ef61-a999-40a1-9fdc-589d60d558e7,933bc74c-e69d-448c-9270-85488029d66f,קופירייטר,עובד חברה או חברה חיצונית,שיווק,לא התחילה,medium,,,,,2024-05-30,,15000.00,,,,,true,2025-03-16 19:23:28.442+00,2025-03-16 19:59:24.706+00,,069fc81a-14f2-4da7-a696-be53b4446674,81f49ef5-d727-4fb1-a54d-642894252c49,false
79447d54-60b5-4a4b-bd49-68efa97b36c0,7a9631fb-36f0-4c5f-a524-8fc319b72860,f9a88550-c519-4f18-a166-f23b5a5fc1ab,מסירת דירות,מסירת דירות לרוכשים,,todo,high,,,,,,,,,,,,false,2025-03-16 22:31:44.047+00,2025-03-16 22:31:44.047+00,14,,,false
79fa664e-735c-482c-919b-81647de17463,2019ef61-a999-40a1-9fdc-589d60d558e7,933bc74c-e69d-448c-9270-85488029d66f,קאפה/רולאפ הפרויקט,לוח מכירות למשרד,מכירות,לא התחילה,medium,,,,,2024-09-05,,8000.00,"[""e4d1c537-9195-4954-b369-95eb57727aa0""]",,,,true,2025-03-16 19:23:28.442+00,2025-03-16 19:59:24.706+00,,,679fc09a-7430-435d-8572-f39dae7822ac,false
7a34730b-b968-489e-a60e-aa07be6b4034,2019ef61-a999-40a1-9fdc-589d60d558e7,933bc74c-e69d-448c-9270-85488029d66f,הכנת תכנית שיווק,גיבוש אסטרטגיית שיווק ומכירות,,todo,medium,,,,,,,,,,,,false,2025-03-16 19:23:26.217+00,2025-03-16 19:23:26.217+00,10,,,false
7a4f7f91-0020-4c2d-9615-232ed6dcab08,67219c67-5f9b-4fa8-8537-f181fe6e911e,b9ee3fec-8a8d-4bf6-ac96-e3ea3a74d5e5,בקיאות בתנאי מימון,והתנהלות פיננסית - סימולציה,מכירות,לא התחילה,medium,,,,,2024-09-20,,8000.00,"[""e2160aaf-dfaa-46ac-9b65-3db670d04a5b""]",,,,true,2025-03-16 19:53:08.794+00,2025-03-16 19:59:24.706+00,,,14325a90-5a38-4bc7-9705-83a719371b5e,false
7a55dc82-75ab-47e1-9a49-624bbfb78840,67219c67-5f9b-4fa8-8537-f181fe6e911e,b9ee3fec-8a8d-4bf6-ac96-e3ea3a74d5e5,מיניסייט,כולל טופס השארת פרטים מתממשק לCRM,שיווק,לא התחילה,medium,,,,,2024-08-20,,35000.00,"[""d42f7d43-e2c4-4d75-868c-6603a566ecd1""]",,,,true,2025-03-16 19:53:08.794+00,2025-03-16 19:59:24.706+00,,,ca854fa2-2e37-448f-97c3-01707c294dd1,false
7c60a591-0fec-4ca5-9f50-d0eaf21e20ef,67219c67-5f9b-4fa8-8537-f181fe6e911e,b9ee3fec-8a8d-4bf6-ac96-e3ea3a74d5e5,הגשת בקשה להיתר בנייה,הכנת מסמכים והגשה לוועדה המקומית,,todo,high,,,,,,,,,,,,true,2025-03-16 19:53:07.006+00,2025-03-16 19:59:24.706+00,6,,,false
7c6e2428-f583-4a4b-8045-29f185316701,2019ef61-a999-40a1-9fdc-589d60d558e7,933bc74c-e69d-448c-9270-85488029d66f,איתור קרקע מתאימה,חיפוש וסינון קרקעות פוטנציאליות לפרויקט,,todo,high,,,,,,,,,,,,false,2025-03-16 19:23:26.217+00,2025-03-16 19:23:26.217+00,1,,,false
7c8f4802-d97c-4f5b-8534-b81fcd46c100,b80c8fef-a677-5340-85fb-2c162d75df03,,טבלת דירות,"לפי מספר, קומה, טיפוס, שטחים, הצמדות, כיוון, הערכת שמאי",תפעול,לא התחילה,medium,,,,,2024-04-10,,5000.00,,,,,false,2025-02-10 10:39:52.839651+00,2025-03-10 19:20:19.293+00,1.3.2,02b0e076-f413-4392-b2eb-634a9c450066,,false
7cbc4b22-a576-4771-9cb4-9729b0f21f86,820ff65a-b6d6-4e05-98e3-79913987b97d,4e0a411d-ee00-49b0-9dc3-06ac4c750f58,בדיקת נקודות תורפה בהסכמים,בדיקת נקודות תורפה בהסכמים,משפטי,לא התחילה,medium,,,,,2024-05-10,,10000.00,,,,,false,2025-03-16 21:55:23.93+00,2025-03-16 21:55:23.93+00,,24e542e5-7a39-485c-9159-d6f9eb7c6c65,e215cae8-5d1b-4d69-b77d-f692b71e5c8b,false
7d509bf1-5718-4240-9e19-fa9fdf940a72,820ff65a-b6d6-4e05-98e3-79913987b97d,4e0a411d-ee00-49b0-9dc3-06ac4c750f58,גרפיקות לשלט פרויקט,ו/או חומה מדברת,שיווק,לא התחילה,medium,,,,,2024-08-15,,18000.00,"[""b6f2fec4-c86f-4aa4-9b6f-c74e7b4f0100""]",,,,true,2025-03-16 21:55:23.93+00,2025-03-16 21:55:23.93+00,,,53588b67-c3bb-40a8-8901-1f0d7f6723f1,false
7e98eae9-7e86-41dd-b4dc-c81cdb911915,820ff65a-b6d6-4e05-98e3-79913987b97d,4e0a411d-ee00-49b0-9dc3-06ac4c750f58,נוהל טיפול בצ'ק הרשמה,,מכירות,in_progress,medium,,0.00,,,2024-09-30,,5000.00,"[""d20a705b-d720-464f-82f1-7b5adfa5b2a3""]",,,,true,2025-03-16 21:55:23.93+00,2025-03-16 21:55:23.93+00,,,5a33738b-617c-4566-8f21-7de71f2f15a3,false
81f49ef5-d727-4fb1-a54d-642894252c49,b80c8fef-a677-5340-85fb-2c162d75df03,,קופירייטר,עובד חברה או חברה חיצונית,שיווק,לא התחילה,medium,,,,,2024-05-30,,15000.00,,,,,false,2025-02-10 10:39:52.839651+00,2025-03-10 19:20:19.293+00,2.1.2,069fc81a-14f2-4da7-a696-be53b4446674,,false
824e52a6-6629-4d57-af88-99a00ccccd21,820ff65a-b6d6-4e05-98e3-79913987b97d,4e0a411d-ee00-49b0-9dc3-06ac4c750f58,בקיאות בתנאי מימון,והתנהלות פיננסית - סימולציה,מכירות,לא התחילה,medium,,,,,2024-09-20,,8000.00,"[""e2160aaf-dfaa-46ac-9b65-3db670d04a5b""]",,,,true,2025-03-16 21:55:23.93+00,2025-03-16 21:55:23.93+00,,,760c7e71-945c-4d83-8950-38a1070b5df7,false
82561cd3-0d01-4240-a894-d4bd95b33a9b,67219c67-5f9b-4fa8-8537-f181fe6e911e,b9ee3fec-8a8d-4bf6-ac96-e3ea3a74d5e5,בחירת קבלן מבצע,"פרסום מכרז, קבלת הצעות ובחירת קבלן",,todo,high,,,,,,,,,,,,true,2025-03-16 19:53:08.794+00,2025-03-16 19:59:24.706+00,,,88b0a7ad-3b75-4e67-8988-8969b3bc88a0,false
82d1c340-dbb9-4ef3-8342-c33d977a44a6,2019ef61-a999-40a1-9fdc-589d60d558e7,933bc74c-e69d-448c-9270-85488029d66f,פרסום ושיווק,פרסום הפרויקט בערוצי מדיה שונים,,todo,medium,,,,,,,,,,,,false,2025-03-16 19:23:26.217+00,2025-03-16 19:23:26.217+00,12,,,false
82da2d3c-d4cd-4f34-b85c-206c9c75a509,67219c67-5f9b-4fa8-8537-f181fe6e911e,b9ee3fec-8a8d-4bf6-ac96-e3ea3a74d5e5,הקמת משרד מכירות,הקמת משרד מכירות באתר או במיקום אסטרטגי,,todo,medium,,,,,,,,,,,,true,2025-03-16 19:53:07.006+00,2025-03-16 19:59:24.706+00,11,,,false
83624156-c7fc-477c-89de-616fad09a7f9,2019ef61-a999-40a1-9fdc-589d60d558e7,933bc74c-e69d-448c-9270-85488029d66f,הדמיות,חוץ ופנים דירות מיוחדות,שיווק,לא התחילה,medium,,,,,2024-07-20,,45000.00,"[""19493831-d4ac-4598-bcc0-bd99954dbcbf""]",,,,true,2025-03-16 19:23:28.442+00,2025-03-16 19:59:24.706+00,,,077125ae-33a2-4f58-b499-714ba0a19123,false
8452a07d-3eed-4eb3-9520-36c44221da5b,2019ef61-a999-40a1-9fdc-589d60d558e7,933bc74c-e69d-448c-9270-85488029d66f,"מוצרי קד""מ","שקית, פולדר, מתנה, וואוצ'ר, עציץ, יין",מכירות,לא התחילה,medium,,,,,2024-08-30,,25000.00,,,,,true,2025-03-16 19:23:28.442+00,2025-03-16 19:59:24.706+00,,,1cb17a3f-d877-4790-9b4f-121eb3a83122,false
8581f71e-70fa-4866-9dee-5b5f8084ed37,67219c67-5f9b-4fa8-8537-f181fe6e911e,b9ee3fec-8a8d-4bf6-ac96-e3ea3a74d5e5,"נוהל תקשורת מול העו""""ד המלווה",,משפטי,לא התחילה,medium,,,,,2024-06-10,,5000.00,,,,,true,2025-03-16 19:53:08.794+00,2025-03-16 19:59:24.706+00,,bae6ef6e-2b05-4bd5-93d0-997fdb468cf4,24572ac8-791f-45b8-b53c-49844813eea2,false
85ec221a-ee58-4a0d-8227-93953566cf79,820ff65a-b6d6-4e05-98e3-79913987b97d,4e0a411d-ee00-49b0-9dc3-06ac4c750f58,משרד מכירות,"גישה, חניה, נוהל אירוח, תפעול סביבת עבודה",תפעול,לא התחילה,medium,,,,,2024-08-25,,150000.00,"[""7368ec58-a397-4fca-ac63-176cbfa78c05""]",,,,true,2025-03-16 21:55:23.93+00,2025-03-16 21:55:23.93+00,,,19ea8f82-69a7-492b-b8f1-16508aaadc0b,false
866973da-1749-4a10-8f1c-039808a87155,67219c67-5f9b-4fa8-8537-f181fe6e911e,b9ee3fec-8a8d-4bf6-ac96-e3ea3a74d5e5,"נוהל תקשורת מול העו""""ד המלווה",,משפטי,לא התחילה,medium,,,,,2024-06-10,,5000.00,,,,,true,2025-03-16 19:53:08.794+00,2025-03-16 19:59:24.706+00,,bae6ef6e-2b05-4bd5-93d0-997fdb468cf4,6eb7601f-b749-4576-9f37-d48193371b32,false
87355366-00d5-4f31-8328-28cf8a392578,2019ef61-a999-40a1-9fdc-589d60d558e7,933bc74c-e69d-448c-9270-85488029d66f,תנאי וסביבת עבודה,"ריהוט, כיבוד, מסך, צמחיה",מכירות,לא התחילה,medium,,,,,2024-09-10,,45000.00,"[""b3fc083a-96e1-4bf0-b9ca-f0760eab5b8a""]",,,,true,2025-03-16 19:23:28.442+00,2025-03-16 19:59:24.706+00,,,4df6c283-bf43-48f4-8f3f-a513d9c48edc,false
88b0a7ad-3b75-4e67-8988-8969b3bc88a0,2019ef61-a999-40a1-9fdc-589d60d558e7,933bc74c-e69d-448c-9270-85488029d66f,בחירת קבלן מבצע,"פרסום מכרז, קבלת הצעות ובחירת קבלן",,todo,high,,,,,,,,,,,,false,2025-03-16 19:23:26.217+00,2025-03-16 19:23:26.217+00,7,,,false
89e83e5f-718b-4a34-bd6f-dc5ed2df5ae4,67219c67-5f9b-4fa8-8537-f181fe6e911e,b9ee3fec-8a8d-4bf6-ac96-e3ea3a74d5e5,בדיקת נקודות תורפה בהסכמים,בדיקת נקודות תורפה בהסכמים,משפטי,לא התחילה,medium,,,,,2024-05-10,,10000.00,,,,,true,2025-03-16 19:53:08.794+00,2025-03-16 19:59:24.706+00,,24e542e5-7a39-485c-9159-d6f9eb7c6c65,e215cae8-5d1b-4d69-b77d-f692b71e5c8b,false
8a915816-fbf7-4418-a6a7-33f6f5742c31,67219c67-5f9b-4fa8-8537-f181fe6e911e,b9ee3fec-8a8d-4bf6-ac96-e3ea3a74d5e5,מיניסייט,כולל טופס השארת פרטים מתממשק לCRM,שיווק,לא התחילה,medium,,,,,2024-08-20,,35000.00,"[""d42f7d43-e2c4-4d75-868c-6603a566ecd1""]",,,,true,2025-03-16 19:53:08.794+00,2025-03-16 19:59:24.706+00,,,2afb919f-d293-4757-b2a5-08be610f5a75,false
8b41dff2-da4a-497a-85ea-141e1c033ffa,2019ef61-a999-40a1-9fdc-589d60d558e7,933bc74c-e69d-448c-9270-85488029d66f,סיורים וירטואליים,"גן, פנטהאוס, 2 טיפוסים",שיווק,לא התחילה,medium,,,,,2024-07-25,,30000.00,"[""c11919f1-4fea-4e1a-a1de-fa9c8c703a1c""]",,,,true,2025-03-16 19:23:28.442+00,2025-03-16 19:59:24.706+00,,,f6ea347d-34e6-4d3a-9180-6c7e54256214,false
8c2c5ec5-0ff1-435c-8e4f-af2f6f14df79,67219c67-5f9b-4fa8-8537-f181fe6e911e,b9ee3fec-8a8d-4bf6-ac96-e3ea3a74d5e5,בדיקת היתכנות ראשונית,"בדיקת תב""ע, זכויות בנייה, ומגבלות תכנוניות",,todo,high,,,,,,,,,,,,true,2025-03-16 19:53:07.006+00,2025-03-16 19:59:24.706+00,2,,,false
8c6049e3-9977-40ee-8a6c-5891d731cc97,67219c67-5f9b-4fa8-8537-f181fe6e911e,b9ee3fec-8a8d-4bf6-ac96-e3ea3a74d5e5,טבלת דירות,"לפי מספר, קומה, טיפוס, שטחים, הצמדות, כיוון, הערכת שמאי",תפעול,לא התחילה,medium,,,,,2024-04-10,,5000.00,,,,,true,2025-03-16 19:53:08.794+00,2025-03-16 19:59:24.706+00,,02b0e076-f413-4392-b2eb-634a9c450066,22dfc840-293f-40ac-ade3-aff4c0dc8bb7,false
8c7a23ac-3793-4fe5-aaef-ac31443f9f27,67219c67-5f9b-4fa8-8537-f181fe6e911e,b9ee3fec-8a8d-4bf6-ac96-e3ea3a74d5e5,נוהל טיפול בצ'ק הרשמה,,מכירות,in_progress,medium,,0.00,,,2024-09-30,,5000.00,"[""d20a705b-d720-464f-82f1-7b5adfa5b2a3""]",,,,true,2025-03-16 19:53:08.794+00,2025-03-16 19:59:24.706+00,,,ac020cf5-c639-457c-a432-7b2316c7e0b6,false
8d429d2c-72b4-484f-9043-5eefd1a4144f,2019ef61-a999-40a1-9fdc-589d60d558e7,933bc74c-e69d-448c-9270-85488029d66f,הקמת פרויקט במערכת,הקמת פרויקט במערכת ושליחת צ'קליסט ליזם להעלאת חומרים,תפעול,לא התחילה,medium,,,,,2024-03-30,,25000.00,"[""a579333d-4dbd-460f-9273-1a43799bd64d""]",,,,true,2025-03-16 19:23:28.442+00,2025-03-16 19:59:24.706+00,,,02b0e076-f413-4392-b2eb-634a9c450066,false
9564f6f5-8506-4738-ae3a-e259fb5de45f,2019ef61-a999-40a1-9fdc-589d60d558e7,933bc74c-e69d-448c-9270-85488029d66f,בדיקת היתכנות ראשונית,"בדיקת תב""ע, זכויות בנייה, ומגבלות תכנוניות",,todo,high,,,,,,,,,,,,false,2025-03-16 19:23:26.217+00,2025-03-16 19:23:26.217+00,2,,,false
9599e104-7c6e-4cd4-bbe7-50e7a93681ab,7a9631fb-36f0-4c5f-a524-8fc319b72860,f9a88550-c519-4f18-a166-f23b5a5fc1ab,הקמת משרד מכירות,הקמת משרד מכירות באתר או במיקום אסטרטגי,,todo,medium,,,,,,,,,,,,false,2025-03-16 22:31:44.047+00,2025-03-16 22:31:44.047+00,11,,,false
95fdf232-b113-48ba-a64c-a6e19efd6ecd,2019ef61-a999-40a1-9fdc-589d60d558e7,933bc74c-e69d-448c-9270-85488029d66f,הפעלת קמפיין בסושיאל,פייסבוק/אינסטגרם/מיניסייט,שיווק,לא התחילה,medium,,,,,2024-08-10,,25000.00,"[""37202f46-4168-4584-8582-ef2ff6303e56""]",,,,true,2025-03-16 19:23:28.442+00,2025-03-16 19:59:24.706+00,,,bec63aba-6728-49bb-adad-0b2de79111db,false
970da849-8516-4763-a57c-e6e1356b82fa,820ff65a-b6d6-4e05-98e3-79913987b97d,4e0a411d-ee00-49b0-9dc3-06ac4c750f58,תהליך שיווק ומכירות,תהליך שיווק ומכירות קיים אצל היזם - תיאום ציפיות ובניית אסטרטגייה,פיתוח עיסקי,in_progress,medium,,,,,2024-03-25,,15000.00,"[""0349662b-eec4-4f38-a288-670bba58cb8b""]",,,,true,2025-03-16 21:55:23.93+00,2025-03-16 21:55:23.93+00,,,2c9ec172-7bcb-4558-b2ce-e5e4dbfbe9c8,false
975ec40a-1965-44e9-a121-28c5823e522f,67219c67-5f9b-4fa8-8537-f181fe6e911e,b9ee3fec-8a8d-4bf6-ac96-e3ea3a74d5e5,הדמיות,חוץ ופנים דירות מיוחדות,שיווק,לא התחילה,medium,,,,,2024-07-20,,45000.00,"[""19493831-d4ac-4598-bcc0-bd99954dbcbf""]",,,,true,2025-03-16 19:53:08.794+00,2025-03-16 19:59:24.706+00,,,077125ae-33a2-4f58-b499-714ba0a19123,false
985b95ea-4c04-41c7-892e-9cd2439b1b05,67219c67-5f9b-4fa8-8537-f181fe6e911e,b9ee3fec-8a8d-4bf6-ac96-e3ea3a74d5e5,עריכת סקר לפי נוהל מסודר,עריכת סקר לפי נוהל מסודר,תפעול,לא התחילה,medium,,,,,2024-04-20,,8000.00,,,,,true,2025-03-16 19:53:08.794+00,2025-03-16 19:59:24.706+00,,195cd91b-5bbc-4599-a6a4-8860c8fef50b,6add9527-2510-45f4-90c4-56ec186e0814,false
9b61bda9-8249-4941-b3f5-a86f40d7b1ad,b80c8fef-a677-5340-85fb-2c162d75df03,,"הפעלת עמוד מדל""""ן + יד 2",,שיווק,in_progress,medium,,,,,2024-08-05,,12000.00,"[""150fa7c6-857d-45c3-9049-3f317f818ae8""]",,,,false,2025-02-10 10:39:52.839651+00,2025-03-11 06:54:32.543+00,10,,,false
9c177141-a472-44b2-9888-971d9e7ffd55,67219c67-5f9b-4fa8-8537-f181fe6e911e,b9ee3fec-8a8d-4bf6-ac96-e3ea3a74d5e5,הגשת בקשה להיתר בנייה,הכנת מסמכים והגשה לוועדה המקומית,,todo,high,,,,,,,,,,,,true,2025-03-16 19:53:08.794+00,2025-03-16 19:59:24.706+00,,,d149e845-97b1-45be-83e6-4ec7fe7ac745,false
9c6a944f-3806-43ad-97fe-f28365a6a2dd,b80c8fef-a677-5340-85fb-2c162d75df03,,מפרט טכני,הבלטת אלמנטים ייחודיים בפרויקט,תפעול,לא התחילה,medium,,,,,2024-04-25,,6000.00,,,,,false,2025-02-10 10:39:52.839651+00,2025-03-10 19:20:19.293+00,1.3.4,02b0e076-f413-4392-b2eb-634a9c450066,,false
9ca44c87-dc9e-4f0e-a9a3-5dd7a6aa76e1,b80c8fef-a677-5340-85fb-2c162d75df03,,בנק מלווה,בנק מלווה - היכרות עם הגוף והסכם הליווי,פיננסי,לא התחילה,medium,,,,,2024-05-15,,20000.00,"[""1a4eb47f-e102-4cf4-8334-d7496cd4302f""]",,,,false,2025-02-10 10:39:52.839651+00,2025-03-10 19:20:19.293+00,10,,,false
9d32a15c-3258-423b-bbae-064857877809,67219c67-5f9b-4fa8-8537-f181fe6e911e,b9ee3fec-8a8d-4bf6-ac96-e3ea3a74d5e5,סקר שוק עצמי,של מנהל המכירות והיכרות של הנתונים,מכירות,לא התחילה,medium,,,,,2024-09-15,,10000.00,"[""6fcf9f80-96bc-4a5c-b8eb-d95a44c695d9""]",,,,true,2025-03-16 19:53:08.794+00,2025-03-16 19:59:24.706+00,,,e2103b3e-84c4-4f15-b752-876f01b62fff,false
9e6f37eb-52d8-4a91-8891-bab30b913ec4,7a9631fb-36f0-4c5f-a524-8fc319b72860,f9a88550-c519-4f18-a166-f23b5a5fc1ab,בנייה,ביצוע עבודות הבנייה,,todo,high,,,,,,,,,,,,false,2025-03-16 22:31:44.047+00,2025-03-16 22:31:44.047+00,9,,,false
9f50378f-b533-4deb-a26a-d92cd262a9f0,67219c67-5f9b-4fa8-8537-f181fe6e911e,b9ee3fec-8a8d-4bf6-ac96-e3ea3a74d5e5,סקר שוק ומתחרים,מתעדכן רבעונית,תפעול,לא התחילה,medium,,,,,2024-04-15,,12000.00,,,,,true,2025-03-16 19:53:08.794+00,2025-03-16 19:59:24.706+00,,02b0e076-f413-4392-b2eb-634a9c450066,f41d716e-8d76-4e4d-9ec3-27456e6414eb,false
a4f93ddf-f47a-4aa4-b082-29c5c79ad13b,67219c67-5f9b-4fa8-8537-f181fe6e911e,b9ee3fec-8a8d-4bf6-ac96-e3ea3a74d5e5,איתור קרקע מתאימה,חיפוש וסינון קרקעות פוטנציאליות לפרויקט,,todo,high,,,,,,,,,,,,true,2025-03-16 19:53:07.006+00,2025-03-16 19:59:24.706+00,1,,,false
a5d23a9f-801e-42fe-9175-306194732702,820ff65a-b6d6-4e05-98e3-79913987b97d,4e0a411d-ee00-49b0-9dc3-06ac4c750f58,הכנת תכנית שיווק,גיבוש אסטרטגיית שיווק ומכירות,,todo,medium,,,,,,,,,,,,false,2025-03-16 21:55:23.93+00,2025-03-16 21:55:23.93+00,,,7a34730b-b968-489e-a60e-aa07be6b4034,false
a70298ff-de1f-4603-a0c7-fc82efc45da5,67219c67-5f9b-4fa8-8537-f181fe6e911e,b9ee3fec-8a8d-4bf6-ac96-e3ea3a74d5e5,עיצוב גרפי,עובד חברה או חברה חיצונית,שיווק,לא התחילה,medium,,,,,2024-05-25,,20000.00,,,,,true,2025-03-16 19:53:08.794+00,2025-03-16 19:59:24.706+00,,069fc81a-14f2-4da7-a696-be53b4446674,1a8d1032-6989-4eba-a476-42eec6bfd736,false
a75ccf9e-98b4-4995-a48c-8e6a95333467,67219c67-5f9b-4fa8-8537-f181fe6e911e,b9ee3fec-8a8d-4bf6-ac96-e3ea3a74d5e5,עיצוב גרפי,עובד חברה או חברה חיצונית,שיווק,לא התחילה,medium,,,,,2024-05-25,,20000.00,,,,,true,2025-03-16 19:53:08.794+00,2025-03-16 19:59:24.706+00,,069fc81a-14f2-4da7-a696-be53b4446674,f54bb567-48dd-4488-9a3d-18bb760a4f78,false
a9b77c24-c8b7-4c6a-8899-2318431a887d,7a9631fb-36f0-4c5f-a524-8fc319b72860,f9a88550-c519-4f18-a166-f23b5a5fc1ab,הגשת בקשה להיתר בנייה,הכנת מסמכים והגשה לוועדה המקומית,,todo,high,,,,,,,,,,,,false,2025-03-16 22:31:44.047+00,2025-03-16 22:31:44.047+00,6,,,false
a9d1f225-20c8-41a7-8636-f64b21b4053c,67219c67-5f9b-4fa8-8537-f181fe6e911e,b9ee3fec-8a8d-4bf6-ac96-e3ea3a74d5e5,משרד מכירות,"גישה, חניה, נוהל אירוח, תפעול סביבת עבודה",תפעול,לא התחילה,medium,,,,,2024-08-25,,150000.00,"[""7368ec58-a397-4fca-ac63-176cbfa78c05""]",,,,true,2025-03-16 19:53:08.794+00,2025-03-16 19:59:24.706+00,,,19ea8f82-69a7-492b-b8f1-16508aaadc0b,false
aa2d5bbb-c2f5-43ec-999e-0f72fde54eae,820ff65a-b6d6-4e05-98e3-79913987b97d,4e0a411d-ee00-49b0-9dc3-06ac4c750f58,"נוהל תקשורת מול העו""""ד המלווה",,משפטי,לא התחילה,medium,,,,,2024-06-10,,5000.00,,,,,false,2025-03-16 21:55:23.93+00,2025-03-16 21:55:23.93+00,,bae6ef6e-2b05-4bd5-93d0-997fdb468cf4,24572ac8-791f-45b8-b53c-49844813eea2,false
aa2ed0e3-15d2-491d-86a9-325d6d385eba,67219c67-5f9b-4fa8-8537-f181fe6e911e,b9ee3fec-8a8d-4bf6-ac96-e3ea3a74d5e5,גיוס צוות תכנון,"בחירת אדריכל, מהנדסים ויועצים",,todo,medium,,,,,,,,,,,,true,2025-03-16 19:53:08.794+00,2025-03-16 19:59:24.706+00,,,141d4f06-d791-456f-922a-680469c8c544,false
aba58941-9dc6-4830-8f04-a1f2ac6bd108,2019ef61-a999-40a1-9fdc-589d60d558e7,933bc74c-e69d-448c-9270-85488029d66f,מימון חוץ בנקאי,והלוואות משלימות לרוכשים,פיננסי,לא התחילה,medium,,,,,2024-09-25,,15000.00,"[""f5cd07ce-7d42-4f9a-9e5e-373ac88661ce""]",,,,true,2025-03-16 19:23:28.442+00,2025-03-16 19:59:24.706+00,,,30ea9067-149b-425e-b3fe-0b169a2fbd3e,false
abb3b578-6b80-4535-8ddb-aabf1b077f1e,b80c8fef-a677-5340-85fb-2c162d75df03,,תכניות הדירות,"כל דירה בנפרד עם מספר דירה, עדיפות לקבצי DWF או PDF",תפעול,לא התחילה,medium,,0.00,,,2024-04-05,,8000.00,,,,,false,2025-02-10 10:39:52.839651+00,2025-03-10 19:20:19.293+00,1.3.1,02b0e076-f413-4392-b2eb-634a9c450066,,false
ac020cf5-c639-457c-a432-7b2316c7e0b6,2019ef61-a999-40a1-9fdc-589d60d558e7,933bc74c-e69d-448c-9270-85488029d66f,נוהל טיפול בצ'ק הרשמה,,מכירות,in_progress,medium,,0.00,,,2024-09-30,,5000.00,"[""d20a705b-d720-464f-82f1-7b5adfa5b2a3""]",,,,true,2025-03-16 19:23:28.442+00,2025-03-16 19:59:24.706+00,,,f7f3dfb6-ddc1-42e5-9585-97ca51d65be6,false
ad7f21dc-1ffb-4095-8f32-e5ca7e679569,67219c67-5f9b-4fa8-8537-f181fe6e911e,b9ee3fec-8a8d-4bf6-ac96-e3ea3a74d5e5,בדיקת נקודות תורפה בהסכמים,בדיקת נקודות תורפה בהסכמים,משפטי,לא התחילה,medium,,,,,2024-05-10,,10000.00,,,,,true,2025-03-16 19:53:08.794+00,2025-03-16 19:59:24.706+00,,24e542e5-7a39-485c-9159-d6f9eb7c6c65,b50b27f4-7e18-473c-a41d-e11aac4c754e,false
adb1257a-8f18-4963-817c-0eff727f355e,67219c67-5f9b-4fa8-8537-f181fe6e911e,b9ee3fec-8a8d-4bf6-ac96-e3ea3a74d5e5,עבודות תשתית ופיתוח,ביצוע עבודות תשתית ופיתוח באתר,,todo,medium,,,,,,,,,,,,true,2025-03-16 19:53:08.794+00,2025-03-16 19:59:24.706+00,,,06ff83b8-d18f-4128-bd66-058bbd850064,false
b1fdfa3f-f61b-4b16-a865-0662874d9f03,2019ef61-a999-40a1-9fdc-589d60d558e7,933bc74c-e69d-448c-9270-85488029d66f,נוהל תקשורת והעברת נתונים,,תפעול,לא התחילה,medium,,,,,2024-06-05,,10000.00,"[""124245e1-345a-4961-84a2-93226b0087bc""]",,,,true,2025-03-16 19:23:28.442+00,2025-03-16 19:59:24.706+00,,,bae6ef6e-2b05-4bd5-93d0-997fdb468cf4,false
b36ba595-9120-4e8e-a8bd-3aa3222a747c,67219c67-5f9b-4fa8-8537-f181fe6e911e,b9ee3fec-8a8d-4bf6-ac96-e3ea3a74d5e5,מערכת CRM,הקמת 3 משתמשים,תפעול,לא התחילה,medium,,,,,2024-06-20,,25000.00,,,,,true,2025-03-16 19:53:08.794+00,2025-03-16 19:59:24.706+00,,bae6ef6e-2b05-4bd5-93d0-997fdb468cf4,52f605be-edb2-45fb-ab39-897b203e55a5,false
b50b27f4-7e18-473c-a41d-e11aac4c754e,2019ef61-a999-40a1-9fdc-589d60d558e7,933bc74c-e69d-448c-9270-85488029d66f,בדיקת נקודות תורפה בהסכמים,בדיקת נקודות תורפה בהסכמים,משפטי,לא התחילה,medium,,,,,2024-05-10,,10000.00,,,,,true,2025-03-16 19:23:28.442+00,2025-03-16 19:59:24.706+00,,24e542e5-7a39-485c-9159-d6f9eb7c6c65,e215cae8-5d1b-4d69-b77d-f692b71e5c8b,false
b6ec2cf6-a239-4f11-97fe-8fe595c8c368,b80c8fef-a677-5340-85fb-2c162d75df03,,שלוחות/מספרים,3 שלוחות לפחות,תפעול,לא התחילה,medium,,,,,2024-06-25,,6000.00,,,,,false,2025-02-10 10:39:52.839651+00,2025-03-10 19:20:19.293+00,2.2.4,bae6ef6e-2b05-4bd5-93d0-997fdb468cf4,,false
ba80ad8b-5227-4938-838c-bd9d573bd2ad,2019ef61-a999-40a1-9fdc-589d60d558e7,933bc74c-e69d-448c-9270-85488029d66f,התקשרות עם פורטלים,"מדלן, יד 2 ומימשוק למערכת CRM",תפעול,לא התחילה,medium,,,,,2024-07-05,,15000.00,,,,,true,2025-03-16 19:23:28.442+00,2025-03-16 19:59:24.706+00,,bae6ef6e-2b05-4bd5-93d0-997fdb468cf4,5bcc9a12-3858-4d8b-84e9-be950b361067,false
babe094b-9f05-4c3d-9647-c0b458886ee6,820ff65a-b6d6-4e05-98e3-79913987b97d,4e0a411d-ee00-49b0-9dc3-06ac4c750f58,הקמת משרד מכירות,הקמת משרד מכירות באתר או במיקום אסטרטגי,,todo,medium,,,,,,,,,,,,false,2025-03-16 21:55:23.93+00,2025-03-16 21:55:23.93+00,,,e55914b5-82b9-4b5c-96b6-83a41ee3926c,false
bae6ef6e-2b05-4bd5-93d0-997fdb468cf4,b80c8fef-a677-5340-85fb-2c162d75df03,,נוהל תקשורת והעברת נתונים,,תפעול,לא התחילה,medium,,,,,2024-06-05,,10000.00,"[""124245e1-345a-4961-84a2-93226b0087bc""]",,,,false,2025-02-10 10:39:52.839651+00,2025-03-10 19:20:19.293+00,10,,,false
bb667f7c-18d9-4af7-8bf0-a7ffe6625834,67219c67-5f9b-4fa8-8537-f181fe6e911e,b9ee3fec-8a8d-4bf6-ac96-e3ea3a74d5e5,מערכת CRM,הקמת 3 משתמשים,תפעול,לא התחילה,medium,,,,,2024-06-20,,25000.00,,,,,true,2025-03-16 19:53:08.794+00,2025-03-16 19:59:24.706+00,,bae6ef6e-2b05-4bd5-93d0-997fdb468cf4,758a03dc-32be-48cf-9e0d-cd4b49178f09,false
bcd6d7bd-9203-43c2-bfd1-87c747a71421,67219c67-5f9b-4fa8-8537-f181fe6e911e,b9ee3fec-8a8d-4bf6-ac96-e3ea3a74d5e5,הפעלת קמפיין בסושיאל,פייסבוק/אינסטגרם/מיניסייט,שיווק,לא התחילה,medium,,,,,2024-08-10,,25000.00,"[""37202f46-4168-4584-8582-ef2ff6303e56""]",,,,true,2025-03-16 19:53:08.794+00,2025-03-16 19:59:24.706+00,,,95fdf232-b113-48ba-a64c-a6e19efd6ecd,false
be51786c-59c0-4f23-a03b-368fb69d510c,2019ef61-a999-40a1-9fdc-589d60d558e7,933bc74c-e69d-448c-9270-85488029d66f,משא ומתן לרכישת הקרקע,"ניהול מו""מ עם בעלי הקרקע וגיבוש הסכם",,todo,high,,,,,,,,,,,,false,2025-03-16 19:23:26.217+00,2025-03-16 19:23:26.217+00,3,,,false
be66ee90-9549-4821-a937-1fe03c713363,820ff65a-b6d6-4e05-98e3-79913987b97d,4e0a411d-ee00-49b0-9dc3-06ac4c750f58,קריאייטיב,עובד חברה או חברה חיצונית,שיווק,לא התחילה,medium,,,,,2024-05-20,,35000.00,"[""a49534eb-3040-4be0-bfe2-373236a60686""]",,,,true,2025-03-16 21:55:23.93+00,2025-03-16 21:55:23.93+00,,,0c2ca4e0-11ab-40e4-9867-91164bd2b2e7,false
bec63aba-6728-49bb-adad-0b2de79111db,b80c8fef-a677-5340-85fb-2c162d75df03,,הפעלת קמפיין בסושיאל,פייסבוק/אינסטגרם/מיניסייט,שיווק,לא התחילה,medium,,,,,2024-08-10,,25000.00,"[""37202f46-4168-4584-8582-ef2ff6303e56""]",,,,false,2025-02-10 10:39:52.839651+00,2025-03-10 19:20:19.293+00,10,,,false
bef52e02-586e-427e-af68-552a63beed5c,67219c67-5f9b-4fa8-8537-f181fe6e911e,b9ee3fec-8a8d-4bf6-ac96-e3ea3a74d5e5,בדיקת היתכנות ראשונית,"בדיקת תב""ע, זכויות בנייה, ומגבלות תכנוניות",,todo,high,,,,,,,,,,,,true,2025-03-16 19:53:08.794+00,2025-03-16 19:59:24.706+00,,,9564f6f5-8506-4738-ae3a-e259fb5de45f,false
bfa7a29a-5584-4288-a7b4-253381b2ea29,b80c8fef-a677-5340-85fb-2c162d75df03,,תהליך שיווק ומכירות,תהליך שיווק ומכירות קיים אצל היזם - תיאום ציפיות ובניית אסטרטגייה,פיתוח עיסקי,in_progress,medium,,,,,2024-03-25,,15000.00,"[""0349662b-eec4-4f38-a288-670bba58cb8b""]",,,,false,2025-02-10 10:39:52.839651+00,2025-03-11 08:53:55.854+00,8,,,false
bfdd2ad9-c9fa-4f45-92c6-79f76d3b9430,67219c67-5f9b-4fa8-8537-f181fe6e911e,b9ee3fec-8a8d-4bf6-ac96-e3ea3a74d5e5,בנייה,ביצוע עבודות הבנייה,,todo,high,,,,,,,,,,,,true,2025-03-16 19:53:07.006+00,2025-03-16 19:59:24.706+00,9,,,false
c122ff93-afe5-4517-a3c0-b97bc6e45942,2019ef61-a999-40a1-9fdc-589d60d558e7,933bc74c-e69d-448c-9270-85488029d66f,בדבדבדב,,,todo,medium,,,,,,,,,,,,true,2025-03-16 19:23:28.443+00,2025-03-16 19:59:24.706+00,,abb3b578-6b80-4535-8ddb-aabf1b077f1e,f66c57b1-ae4f-4d59-91b6-3bddbf1b3c5b,false
c46cfb29-9be0-428c-995a-9471416312a8,67219c67-5f9b-4fa8-8537-f181fe6e911e,b9ee3fec-8a8d-4bf6-ac96-e3ea3a74d5e5,בדיקות איכות ותיקונים,ביצוע בדיקות איכות ותיקון ליקויים,,todo,high,,,,,,,,,,,,true,2025-03-16 19:53:08.794+00,2025-03-16 19:59:24.706+00,,,d17c89cd-028f-402c-9087-499bac6c5516,false
c5999967-b2ae-4469-b468-737e3c2fb399,67219c67-5f9b-4fa8-8537-f181fe6e911e,b9ee3fec-8a8d-4bf6-ac96-e3ea3a74d5e5,עריכת סקר לפי נוהל מסודר,עריכת סקר לפי נוהל מסודר,תפעול,לא התחילה,medium,,,,,2024-04-20,,8000.00,,,,,true,2025-03-16 19:53:08.794+00,2025-03-16 19:59:24.706+00,,195cd91b-5bbc-4599-a6a4-8860c8fef50b,30a68cbf-f380-4ce3-a0f4-1aa061decde1,false
c5e9910d-0cb8-4e50-a33d-f7d622ee3633,820ff65a-b6d6-4e05-98e3-79913987b97d,4e0a411d-ee00-49b0-9dc3-06ac4c750f58,מערכת CRM,הקמת 3 משתמשים,תפעול,לא התחילה,medium,,,,,2024-06-20,,25000.00,,,,,false,2025-03-16 21:55:23.93+00,2025-03-16 21:55:23.93+00,,bae6ef6e-2b05-4bd5-93d0-997fdb468cf4,758a03dc-32be-48cf-9e0d-cd4b49178f09,false
c5f25109-63cd-4a2b-b309-8556522b581c,7a9631fb-36f0-4c5f-a524-8fc319b72860,f9a88550-c519-4f18-a166-f23b5a5fc1ab,איתור קרקע מתאימה,חיפוש וסינון קרקעות פוטנציאליות לפרויקט,,todo,high,,,,,,,,,,,,false,2025-03-16 22:31:44.047+00,2025-03-16 22:31:44.047+00,1,,,false
c68cf2a2-0a16-4780-812c-d41032ffb90e,b80c8fef-a677-5340-85fb-2c162d75df03,,גרפיקות לשלט פרויקט,ו/או חומה מדברת,שיווק,לא התחילה,medium,,,,,2024-08-15,,18000.00,"[""b6f2fec4-c86f-4aa4-9b6f-c74e7b4f0100""]",,,,false,2025-02-10 10:39:52.839651+00,2025-03-10 19:20:19.293+00,10,,,false
c6cd2065-ff89-4ce3-b25d-2c85f0d080ec,b80c8fef-a677-5340-85fb-2c162d75df03,,צילום רחפן ו/או 360,,שיווק,todo,medium,,,,,2024-07-30,,8000.00,"[""25c370c4-3b65-4e03-8443-1e2f5688047d""]",,,,false,2025-02-10 10:39:52.839651+00,2025-03-11 06:54:28.41+00,10,,,false
ca854fa2-2e37-448f-97c3-01707c294dd1,2019ef61-a999-40a1-9fdc-589d60d558e7,933bc74c-e69d-448c-9270-85488029d66f,מיניסייט,כולל טופס השארת פרטים מתממשק לCRM,שיווק,לא התחילה,medium,,,,,2024-08-20,,35000.00,"[""d42f7d43-e2c4-4d75-868c-6603a566ecd1""]",,,,true,2025-03-16 19:23:28.442+00,2025-03-16 19:59:24.706+00,,,2afb919f-d293-4757-b2a5-08be610f5a75,false
cac3bee0-240e-40d2-a577-4c73d7cbda0d,2019ef61-a999-40a1-9fdc-589d60d558e7,933bc74c-e69d-448c-9270-85488029d66f,הסכמים,"טופס הרשמה, חוזים, מכר",תפעול,לא התחילה,medium,,,,,2024-05-05,,15000.00,,,,,true,2025-03-16 19:23:28.442+00,2025-03-16 19:59:24.706+00,,02b0e076-f413-4392-b2eb-634a9c450066,24e542e5-7a39-485c-9159-d6f9eb7c6c65,false
cb323d6c-a670-4b3d-a5d8-ad71d908297d,67219c67-5f9b-4fa8-8537-f181fe6e911e,b9ee3fec-8a8d-4bf6-ac96-e3ea3a74d5e5,הכנת תכנית שיווק,גיבוש אסטרטגיית שיווק ומכירות,,todo,medium,,,,,,,,,,,,true,2025-03-16 19:53:07.006+00,2025-03-16 19:59:24.706+00,10,,,false
cdebca5f-3e23-4f1d-aa9e-036334efd6ec,820ff65a-b6d6-4e05-98e3-79913987b97d,4e0a411d-ee00-49b0-9dc3-06ac4c750f58,רשימת אנשי קשר,"בחברה, יועצים וספקים לפרויקט",תפעול,לא התחילה,medium,,,,,2024-04-30,,3000.00,,,,,false,2025-03-16 21:55:23.93+00,2025-03-16 21:55:23.93+00,,02b0e076-f413-4392-b2eb-634a9c450066,ce26a0cd-d85b-4760-9268-75aa310d978a,false
ce26a0cd-d85b-4760-9268-75aa310d978a,b80c8fef-a677-5340-85fb-2c162d75df03,,רשימת אנשי קשר,"בחברה, יועצים וספקים לפרויקט",תפעול,לא התחילה,medium,,,,,2024-04-30,,3000.00,,,,,false,2025-02-10 10:39:52.839651+00,2025-03-10 19:20:19.293+00,1.3.5,02b0e076-f413-4392-b2eb-634a9c450066,,false
cf2313f0-aeb5-4a43-9179-c007f1802ffa,67219c67-5f9b-4fa8-8537-f181fe6e911e,b9ee3fec-8a8d-4bf6-ac96-e3ea3a74d5e5,הקמת משרד מכירות,הקמת משרד מכירות באתר או במיקום אסטרטגי,,todo,medium,,,,,,,,,,,,true,2025-03-16 19:53:08.794+00,2025-03-16 19:59:24.706+00,,,e55914b5-82b9-4b5c-96b6-83a41ee3926c,false
d149e845-97b1-45be-83e6-4ec7fe7ac745,2019ef61-a999-40a1-9fdc-589d60d558e7,933bc74c-e69d-448c-9270-85488029d66f,הגשת בקשה להיתר בנייה,הכנת מסמכים והגשה לוועדה המקומית,,todo,high,,,,,,,,,,,,false,2025-03-16 19:23:26.217+00,2025-03-16 19:23:26.217+00,6,,,false
d17c89cd-028f-402c-9087-499bac6c5516,2019ef61-a999-40a1-9fdc-589d60d558e7,933bc74c-e69d-448c-9270-85488029d66f,בדיקות איכות ותיקונים,ביצוע בדיקות איכות ותיקון ליקויים,,todo,high,,,,,,,,,,,,false,2025-03-16 19:23:26.217+00,2025-03-16 19:23:26.217+00,13,,,false
d1e0ade3-4713-4959-8146-3663fffd1652,67219c67-5f9b-4fa8-8537-f181fe6e911e,b9ee3fec-8a8d-4bf6-ac96-e3ea3a74d5e5,גיוס צוות תכנון,"בחירת אדריכל, מהנדסים ויועצים",,todo,medium,,,,,,,,,,,,true,2025-03-16 19:53:07.006+00,2025-03-16 19:59:24.706+00,4,,,false
d2e47c94-f35c-43bd-a7b3-07d622d848b6,67219c67-5f9b-4fa8-8537-f181fe6e911e,b9ee3fec-8a8d-4bf6-ac96-e3ea3a74d5e5,טבלת דירות,"לפי מספר, קומה, טיפוס, שטחים, הצמדות, כיוון, הערכת שמאי",תפעול,לא התחילה,medium,,,,,2024-04-10,,5000.00,,,,,true,2025-03-16 19:53:08.794+00,2025-03-16 19:59:24.706+00,,02b0e076-f413-4392-b2eb-634a9c450066,7c8f4802-d97c-4f5b-8534-b81fcd46c100,false
d3568b04-7db4-43ef-92d7-ab836d959480,67219c67-5f9b-4fa8-8537-f181fe6e911e,b9ee3fec-8a8d-4bf6-ac96-e3ea3a74d5e5,גרפיקות לשלט פרויקט,ו/או חומה מדברת,שיווק,לא התחילה,medium,,,,,2024-08-15,,18000.00,"[""b6f2fec4-c86f-4aa4-9b6f-c74e7b4f0100""]",,,,true,2025-03-16 19:53:08.794+00,2025-03-16 19:59:24.706+00,,,63f0a77a-579f-4232-80a1-c626abbfd9fa,false
d3f11fd5-16f2-4e05-8ef4-4bfe748b7b44,67219c67-5f9b-4fa8-8537-f181fe6e911e,b9ee3fec-8a8d-4bf6-ac96-e3ea3a74d5e5,הכנת תכנית שיווק,גיבוש אסטרטגיית שיווק ומכירות,,todo,medium,,,,,,,,,,,,true,2025-03-16 19:53:08.794+00,2025-03-16 19:59:24.706+00,,,7a34730b-b968-489e-a60e-aa07be6b4034,false
d4769208-4478-412a-962b-e36573417f6d,67219c67-5f9b-4fa8-8537-f181fe6e911e,b9ee3fec-8a8d-4bf6-ac96-e3ea3a74d5e5,שלוחות/מספרים,3 שלוחות לפחות,תפעול,לא התחילה,medium,,,,,2024-06-25,,6000.00,,,,,true,2025-03-16 19:53:08.794+00,2025-03-16 19:59:24.706+00,,bae6ef6e-2b05-4bd5-93d0-997fdb468cf4,b6ec2cf6-a239-4f11-97fe-8fe595c8c368,false
d5f1160d-7316-4e76-9072-e4e7eadb205b,2019ef61-a999-40a1-9fdc-589d60d558e7,933bc74c-e69d-448c-9270-85488029d66f,מפרט טכני,הבלטת אלמנטים ייחודיים בפרויקט,תפעול,לא התחילה,medium,,,,,2024-04-25,,6000.00,,,,,true,2025-03-16 19:23:28.442+00,2025-03-16 19:59:24.706+00,,02b0e076-f413-4392-b2eb-634a9c450066,9c6a944f-3806-43ad-97fe-f28365a6a2dd,false
d69fa937-8519-4069-98dd-c49b56e344e4,b80c8fef-a677-5340-85fb-2c162d75df03,,פרטי קשר,"דוא""ל + טלפון יזם לאיש מכירות",תפעול,לא התחילה,medium,,,,,2024-07-15,,2000.00,,,,,false,2025-02-10 10:39:52.839651+00,2025-03-10 19:20:19.293+00,2.2.8,bae6ef6e-2b05-4bd5-93d0-997fdb468cf4,,false
d6c2df7e-6776-4c5b-9186-b77f50ed1574,2019ef61-a999-40a1-9fdc-589d60d558e7,933bc74c-e69d-448c-9270-85488029d66f,קריאייטיב,עובד חברה או חברה חיצונית,שיווק,לא התחילה,medium,,,,,2024-05-20,,35000.00,"[""a49534eb-3040-4be0-bfe2-373236a60686""]",,,,true,2025-03-16 19:23:28.442+00,2025-03-16 19:59:24.706+00,,,069fc81a-14f2-4da7-a696-be53b4446674,false
d919ce39-c045-43d1-ae72-893f002f464c,67219c67-5f9b-4fa8-8537-f181fe6e911e,b9ee3fec-8a8d-4bf6-ac96-e3ea3a74d5e5,תכנון אדריכלי ראשוני,הכנת תכניות קונספט ראשוניות,,todo,medium,,,,,,,,,,,,true,2025-03-16 19:53:08.794+00,2025-03-16 19:59:24.706+00,,,5277b1fe-4009-4641-bf39-0fa0d2c52bee,false
d9737599-e7ea-4ea7-926e-5b607dd2fac3,820ff65a-b6d6-4e05-98e3-79913987b97d,4e0a411d-ee00-49b0-9dc3-06ac4c750f58,הסכמים,"טופס הרשמה, חוזים, מכר",תפעול,לא התחילה,medium,,,,,2024-05-05,,15000.00,,,,,true,2025-03-16 21:55:23.93+00,2025-03-16 21:55:23.93+00,,02b0e076-f413-4392-b2eb-634a9c450066,32d72aab-99ba-44e2-9286-eb05344ac1d2,false
da27c0ee-f260-4a4a-ac6b-a1c4a3917212,820ff65a-b6d6-4e05-98e3-79913987b97d,4e0a411d-ee00-49b0-9dc3-06ac4c750f58,תכניות הדירות,"כל דירה בנפרד עם מספר דירה, עדיפות לקבצי DWF או PDF",תפעול,לא התחילה,medium,,0.00,,,2024-04-05,,8000.00,,,,,true,2025-03-16 21:55:23.93+00,2025-03-16 21:55:23.93+00,,1cc61774-0584-4a38-99d3-bedcd6179bc0,23eb3eb7-b764-487d-b48c-2d81b90f2157,false
da5ca5d7-2077-4a8c-8b23-4cea264f4e23,67219c67-5f9b-4fa8-8537-f181fe6e911e,b9ee3fec-8a8d-4bf6-ac96-e3ea3a74d5e5,בחירת קבלן מבצע,"פרסום מכרז, קבלת הצעות ובחירת קבלן",,todo,high,,,,,,,,,,,,true,2025-03-16 19:53:07.006+00,2025-03-16 19:59:24.706+00,7,,,false
daff4d0e-7126-45a6-b3c1-b4348f5640bf,67219c67-5f9b-4fa8-8537-f181fe6e911e,b9ee3fec-8a8d-4bf6-ac96-e3ea3a74d5e5,סקר שוק ומתחרים,מתעדכן רבעונית,תפעול,לא התחילה,medium,,,,,2024-04-15,,12000.00,,,,,true,2025-03-16 19:53:08.794+00,2025-03-16 19:59:24.706+00,,02b0e076-f413-4392-b2eb-634a9c450066,195cd91b-5bbc-4599-a6a4-8860c8fef50b,false
db5e4cf2-4ee8-4a86-bb0e-dc6459879575,820ff65a-b6d6-4e05-98e3-79913987b97d,4e0a411d-ee00-49b0-9dc3-06ac4c750f58,צילום רחפן ו/או 360,,שיווק,todo,medium,,,,,2024-07-30,,8000.00,"[""25c370c4-3b65-4e03-8443-1e2f5688047d""]",,,,true,2025-03-16 21:55:23.93+00,2025-03-16 21:55:23.93+00,,,47047cb0-5ead-4330-b624-8d2137b35d70,false
dc296a56-7229-40cb-af87-cc594c8d74ec,820ff65a-b6d6-4e05-98e3-79913987b97d,4e0a411d-ee00-49b0-9dc3-06ac4c750f58,קופירייטר,עובד חברה או חברה חיצונית,שיווק,לא התחילה,medium,,,,,2024-05-30,,15000.00,,,,,false,2025-03-16 21:55:23.93+00,2025-03-16 21:55:23.93+00,,069fc81a-14f2-4da7-a696-be53b4446674,81f49ef5-d727-4fb1-a54d-642894252c49,false
dcabca2f-277a-4022-8c49-d40944437027,7a9631fb-36f0-4c5f-a524-8fc319b72860,f9a88550-c519-4f18-a166-f23b5a5fc1ab,פרסום ושיווק,פרסום הפרויקט בערוצי מדיה שונים,,todo,medium,,,,,,,,,,,,false,2025-03-16 22:31:44.047+00,2025-03-16 22:31:44.047+00,12,,,false
ddd06ecc-be9b-417a-b9aa-4773a977b6fb,67219c67-5f9b-4fa8-8537-f181fe6e911e,b9ee3fec-8a8d-4bf6-ac96-e3ea3a74d5e5,משא ומתן לרכישת הקרקע,"ניהול מו""מ עם בעלי הקרקע וגיבוש הסכם",,todo,high,,,,,,,,,,,,true,2025-03-16 19:53:08.794+00,2025-03-16 19:59:24.706+00,,,be51786c-59c0-4f23-a03b-368fb69d510c,false
e2103b3e-84c4-4f15-b752-876f01b62fff,b80c8fef-a677-5340-85fb-2c162d75df03,,סקר שוק עצמי,של מנהל המכירות והיכרות של הנתונים,מכירות,לא התחילה,medium,,,,,2024-09-15,,10000.00,"[""6fcf9f80-96bc-4a5c-b8eb-d95a44c695d9""]",,,,false,2025-02-10 10:39:52.839651+00,2025-03-10 19:20:19.293+00,10,,,false
e215cae8-5d1b-4d69-b77d-f692b71e5c8b,b80c8fef-a677-5340-85fb-2c162d75df03,,בדיקת נקודות תורפה בהסכמים,בדיקת נקודות תורפה בהסכמים,משפטי,לא התחילה,medium,,,,,2024-05-10,,10000.00,,,,,false,2025-02-10 10:39:52.839651+00,2025-03-10 19:20:19.293+00,1.3.6.1,24e542e5-7a39-485c-9159-d6f9eb7c6c65,,false
e29820fa-b5fd-4c60-a9de-1dce72668b02,67219c67-5f9b-4fa8-8537-f181fe6e911e,b9ee3fec-8a8d-4bf6-ac96-e3ea3a74d5e5,קריאייטיב,עובד חברה או חברה חיצונית,שיווק,לא התחילה,medium,,,,,2024-05-20,,35000.00,"[""a49534eb-3040-4be0-bfe2-373236a60686""]",,,,true,2025-03-16 19:53:08.794+00,2025-03-16 19:59:24.706+00,,,d6c2df7e-6776-4c5b-9186-b77f50ed1574,false
e3566b27-ef44-44f7-b308-947b11a60037,67219c67-5f9b-4fa8-8537-f181fe6e911e,b9ee3fec-8a8d-4bf6-ac96-e3ea3a74d5e5,נוהל תקשורת והעברת נתונים,,תפעול,לא התחילה,medium,,,,,2024-06-05,,10000.00,"[""124245e1-345a-4961-84a2-93226b0087bc""]",,,,true,2025-03-16 19:53:08.794+00,2025-03-16 19:59:24.706+00,,,b1fdfa3f-f61b-4b16-a865-0662874d9f03,false
e3befd1e-a246-4d73-8b1b-afb50ebb035a,67219c67-5f9b-4fa8-8537-f181fe6e911e,b9ee3fec-8a8d-4bf6-ac96-e3ea3a74d5e5,בנייה,ביצוע עבודות הבנייה,,todo,high,,,,,,,,,,,,true,2025-03-16 19:53:08.794+00,2025-03-16 19:59:24.706+00,,,2adf32e7-c7c1-4229-a84a-833ae917862a,false
e477cb8f-27f8-434a-8553-0b46ad0a0327,67219c67-5f9b-4fa8-8537-f181fe6e911e,b9ee3fec-8a8d-4bf6-ac96-e3ea3a74d5e5,"מוצרי קד""מ","שקית, פולדר, מתנה, וואוצ'ר, עציץ, יין",מכירות,לא התחילה,medium,,,,,2024-08-30,,25000.00,,,,,true,2025-03-16 19:53:08.794+00,2025-03-16 19:59:24.706+00,,,1cb17a3f-d877-4790-9b4f-121eb3a83122,false
e55914b5-82b9-4b5c-96b6-83a41ee3926c,2019ef61-a999-40a1-9fdc-589d60d558e7,933bc74c-e69d-448c-9270-85488029d66f,הקמת משרד מכירות,הקמת משרד מכירות באתר או במיקום אסטרטגי,,todo,medium,,,,,,,,,,,,false,2025-03-16 19:23:26.217+00,2025-03-16 19:23:26.217+00,11,,,false
e6088b0a-fcbf-46a4-950e-84ca450b7b20,67219c67-5f9b-4fa8-8537-f181fe6e911e,b9ee3fec-8a8d-4bf6-ac96-e3ea3a74d5e5,רשימת אנשי קשר,"בחברה, יועצים וספקים לפרויקט",תפעול,לא התחילה,medium,,,,,2024-04-30,,3000.00,,,,,true,2025-03-16 19:53:08.794+00,2025-03-16 19:59:24.706+00,,02b0e076-f413-4392-b2eb-634a9c450066,ce26a0cd-d85b-4760-9268-75aa310d978a,false
e646104a-5896-4c72-88cc-e4632264378e,820ff65a-b6d6-4e05-98e3-79913987b97d,4e0a411d-ee00-49b0-9dc3-06ac4c750f58,התקשרות עם פורטלים,"מדלן, יד 2 ומימשוק למערכת CRM",תפעול,לא התחילה,medium,,,,,2024-07-05,,15000.00,,,,,true,2025-03-16 21:55:23.93+00,2025-03-16 21:55:23.93+00,,bae6ef6e-2b05-4bd5-93d0-997fdb468cf4,ba80ad8b-5227-4938-838c-bd9d573bd2ad,false
e81a835d-6134-4e9e-a7b2-b058620dd60f,2019ef61-a999-40a1-9fdc-589d60d558e7,933bc74c-e69d-448c-9270-85488029d66f,"הפעלת עמוד מדל""""ן + יד 2",,שיווק,in_progress,medium,,,,,2024-08-05,,12000.00,"[""150fa7c6-857d-45c3-9049-3f317f818ae8""]",,,,true,2025-03-16 19:23:28.442+00,2025-03-16 19:59:24.706+00,,,9b61bda9-8249-4941-b3f5-a86f40d7b1ad,false
eb16075e-8eb0-4042-b051-62818dd8d4f4,820ff65a-b6d6-4e05-98e3-79913987b97d,4e0a411d-ee00-49b0-9dc3-06ac4c750f58,סקר שוק עצמי,של מנהל המכירות והיכרות של הנתונים,מכירות,לא התחילה,medium,,,,,2024-09-15,,10000.00,"[""6fcf9f80-96bc-4a5c-b8eb-d95a44c695d9""]",,,,true,2025-03-16 21:55:23.93+00,2025-03-16 21:55:23.93+00,,,433ef99b-40ee-4309-9a28-2a0ac572c754,false
eb3e805d-4318-4d7c-aa21-a344b4700d0e,67219c67-5f9b-4fa8-8537-f181fe6e911e,b9ee3fec-8a8d-4bf6-ac96-e3ea3a74d5e5,שיחת היכרות,"שיחת היכרות עם החברה ופועלה, רקע יחודי להיכרות הפרויקט",פיתוח עיסקי,in_progress,high,,,,,2024-03-20,,,,"[""22daaa9f-4a28-4bef-913b-58fd2e9f9452"",""664bbc37-c733-47e2-8dab-0828b3b603dd""]","[""4daff147-9a25-4b00-b388-b1a03f4b8c93""]",,true,2025-03-16 19:53:08.794+00,2025-03-16 19:59:24.706+00,,,fd8798ce-ce67-4008-a804-4d5c1586f7e0,false
ebf96659-723b-4aa9-b628-d7cee074fca3,67219c67-5f9b-4fa8-8537-f181fe6e911e,b9ee3fec-8a8d-4bf6-ac96-e3ea3a74d5e5,שינויי דיירים,,מכירות,לא התחילה,medium,,,,,2024-06-15,,8000.00,,,,,true,2025-03-16 19:53:08.794+00,2025-03-16 19:59:24.706+00,,bae6ef6e-2b05-4bd5-93d0-997fdb468cf4,f673da48-0e55-4cf4-bffb-a218cfc89d37,false
eeb61238-6173-4257-8eda-ea5f9414c62d,67219c67-5f9b-4fa8-8537-f181fe6e911e,b9ee3fec-8a8d-4bf6-ac96-e3ea3a74d5e5,סקר שוק עצמי,של מנהל המכירות והיכרות של הנתונים,מכירות,לא התחילה,medium,,,,,2024-09-15,,10000.00,"[""6fcf9f80-96bc-4a5c-b8eb-d95a44c695d9""]",,,,true,2025-03-16 19:53:08.794+00,2025-03-16 19:59:24.706+00,,,433ef99b-40ee-4309-9a28-2a0ac572c754,false
f0f32118-183c-4aae-adb0-60d820030b0c,67219c67-5f9b-4fa8-8537-f181fe6e911e,b9ee3fec-8a8d-4bf6-ac96-e3ea3a74d5e5,הסכמים,"טופס הרשמה, חוזים, מכר",תפעול,לא התחילה,medium,,,,,2024-05-05,,15000.00,,,,,true,2025-03-16 19:53:08.794+00,2025-03-16 19:59:24.706+00,,02b0e076-f413-4392-b2eb-634a9c450066,cac3bee0-240e-40d2-a577-4c73d7cbda0d,false
f39850ce-84cf-4a2a-8a52-6b845ab2cce8,820ff65a-b6d6-4e05-98e3-79913987b97d,4e0a411d-ee00-49b0-9dc3-06ac4c750f58,סקר שוק ומתחרים,מתעדכן רבעונית,תפעול,לא התחילה,medium,,,,,2024-04-15,,12000.00,,,,,true,2025-03-16 21:55:23.93+00,2025-03-16 21:55:23.93+00,,02b0e076-f413-4392-b2eb-634a9c450066,daff4d0e-7126-45a6-b3c1-b4348f5640bf,false
f39d5267-d26b-4d63-af91-2df228b1dd3f,b80c8fef-a677-5340-85fb-2c162d75df03,,שיחת היכרות,"שיחת היכרות עם החברה ופועלה, רקע יחודי להיכרות הפרויקט",פיתוח עיסקי,in_progress,high,,,,,2024-03-20,,,,"[""22daaa9f-4a28-4bef-913b-58fd2e9f9452"",""664bbc37-c733-47e2-8dab-0828b3b603dd""]","[""4daff147-9a25-4b00-b388-b1a03f4b8c93""]",,false,2025-02-10 10:39:52.839651+00,2025-03-11 06:13:24.974+00,7,,,false
f41d716e-8d76-4e4d-9ec3-27456e6414eb,2019ef61-a999-40a1-9fdc-589d60d558e7,933bc74c-e69d-448c-9270-85488029d66f,סקר שוק ומתחרים,מתעדכן רבעונית,תפעול,לא התחילה,medium,,,,,2024-04-15,,12000.00,,,,,true,2025-03-16 19:23:28.442+00,2025-03-16 19:59:24.706+00,,02b0e076-f413-4392-b2eb-634a9c450066,195cd91b-5bbc-4599-a6a4-8860c8fef50b,false
f54bb567-48dd-4488-9a3d-18bb760a4f78,2019ef61-a999-40a1-9fdc-589d60d558e7,933bc74c-e69d-448c-9270-85488029d66f,עיצוב גרפי,עובד חברה או חברה חיצונית,שיווק,לא התחילה,medium,,,,,2024-05-25,,20000.00,,,,,true,2025-03-16 19:23:28.442+00,2025-03-16 19:59:24.706+00,,069fc81a-14f2-4da7-a696-be53b4446674,1a8d1032-6989-4eba-a476-42eec6bfd736,false
f5bed660-13a5-448c-945d-77d3061bcd32,67219c67-5f9b-4fa8-8537-f181fe6e911e,b9ee3fec-8a8d-4bf6-ac96-e3ea3a74d5e5,איתור קרקע מתאימה,חיפוש וסינון קרקעות פוטנציאליות לפרויקט,,todo,high,,,,,,,,,,,,true,2025-03-16 19:53:08.794+00,2025-03-16 19:59:24.706+00,,,7c6e2428-f583-4a4b-8045-29f185316701,false
f66c57b1-ae4f-4d59-91b6-3bddbf1b3c5b,b80c8fef-a677-5340-85fb-2c162d75df03,,בדבדבדב,,,todo,medium,,,,,,,,,,,,false,2025-03-13 15:01:19.197766+00,2025-03-13 15:01:19.197766+00,1.3.1.1,abb3b578-6b80-4535-8ddb-aabf1b077f1e,,false
f673b164-c80a-49a6-9165-078721bf8c74,820ff65a-b6d6-4e05-98e3-79913987b97d,4e0a411d-ee00-49b0-9dc3-06ac4c750f58,בוט ווטסאפ,מספר ייעודי ממומשק למערכת CRM,תפעול,לא התחילה,medium,,,,,2024-07-10,,12000.00,,,,,true,2025-03-16 21:55:23.93+00,2025-03-16 21:55:23.93+00,,bae6ef6e-2b05-4bd5-93d0-997fdb468cf4,240fef9e-ce95-48aa-8861-97b34ac351d5,false
f673da48-0e55-4cf4-bffb-a218cfc89d37,2019ef61-a999-40a1-9fdc-589d60d558e7,933bc74c-e69d-448c-9270-85488029d66f,שינויי דיירים,,מכירות,לא התחילה,medium,,,,,2024-06-15,,8000.00,,,,,true,2025-03-16 19:23:28.442+00,2025-03-16 19:59:24.706+00,,bae6ef6e-2b05-4bd5-93d0-997fdb468cf4,2885b0ad-fc3b-47f4-98b2-402fff4259f8,false
f6ea347d-34e6-4d3a-9180-6c7e54256214,b80c8fef-a677-5340-85fb-2c162d75df03,,סיורים וירטואליים,"גן, פנטהאוס, 2 טיפוסים",שיווק,לא התחילה,medium,,,,,2024-07-25,,30000.00,"[""c11919f1-4fea-4e1a-a1de-fa9c8c703a1c""]",,,,false,2025-02-10 10:39:52.839651+00,2025-03-10 19:20:19.293+00,10,,,false
f791c3a7-b63f-4825-b0d7-19d7540db401,67219c67-5f9b-4fa8-8537-f181fe6e911e,b9ee3fec-8a8d-4bf6-ac96-e3ea3a74d5e5,שלוחות/מספרים,3 שלוחות לפחות,תפעול,לא התחילה,medium,,,,,2024-06-25,,6000.00,,,,,true,2025-03-16 19:53:08.794+00,2025-03-16 19:59:24.706+00,,bae6ef6e-2b05-4bd5-93d0-997fdb468cf4,2dbc1164-b4a2-486b-8ac3-28b2dbdfc9fa,false
f7f3dfb6-ddc1-42e5-9585-97ca51d65be6,b80c8fef-a677-5340-85fb-2c162d75df03,,נוהל טיפול בצ'ק הרשמה,,מכירות,in_progress,medium,,0.00,,,2024-09-30,,5000.00,"[""d20a705b-d720-464f-82f1-7b5adfa5b2a3""]",,,,false,2025-02-10 10:39:52.839651+00,2025-03-10 19:20:19.293+00,10,,,false
fa321f63-3108-45e5-8bfa-b203dfafa207,67219c67-5f9b-4fa8-8537-f181fe6e911e,b9ee3fec-8a8d-4bf6-ac96-e3ea3a74d5e5,פרטי קשר,"דוא""ל + טלפון יזם לאיש מכירות",תפעול,לא התחילה,medium,,,,,2024-07-15,,2000.00,,,,,true,2025-03-16 19:53:08.794+00,2025-03-16 19:59:24.706+00,,bae6ef6e-2b05-4bd5-93d0-997fdb468cf4,d69fa937-8519-4069-98dd-c49b56e344e4,false
fa39759e-596e-48d6-8061-f9cd9865a48c,820ff65a-b6d6-4e05-98e3-79913987b97d,4e0a411d-ee00-49b0-9dc3-06ac4c750f58,סיורים וירטואליים,"גן, פנטהאוס, 2 טיפוסים",שיווק,לא התחילה,medium,,,,,2024-07-25,,30000.00,"[""c11919f1-4fea-4e1a-a1de-fa9c8c703a1c""]",,,,true,2025-03-16 21:55:23.93+00,2025-03-16 21:55:23.93+00,,,8b41dff2-da4a-497a-85ea-141e1c033ffa,false
fa4b8286-0562-45ca-a95b-7a24bd94ad72,67219c67-5f9b-4fa8-8537-f181fe6e911e,b9ee3fec-8a8d-4bf6-ac96-e3ea3a74d5e5,עבודות תשתית ופיתוח,ביצוע עבודות תשתית ופיתוח באתר,,todo,medium,,,,,,,,,,,,true,2025-03-16 19:53:07.006+00,2025-03-16 19:59:24.706+00,8,,,false
fcdea8f1-3516-410b-a277-a0b024a34295,67219c67-5f9b-4fa8-8537-f181fe6e911e,b9ee3fec-8a8d-4bf6-ac96-e3ea3a74d5e5,תנאי וסביבת עבודה,"ריהוט, כיבוד, מסך, צמחיה",מכירות,לא התחילה,medium,,,,,2024-09-10,,45000.00,"[""b3fc083a-96e1-4bf0-b9ca-f0760eab5b8a""]",,,,true,2025-03-16 19:53:08.794+00,2025-03-16 19:59:24.706+00,,,4df6c283-bf43-48f4-8f3f-a513d9c48edc,false
fd8798ce-ce67-4008-a804-4d5c1586f7e0,2019ef61-a999-40a1-9fdc-589d60d558e7,933bc74c-e69d-448c-9270-85488029d66f,שיחת היכרות,"שיחת היכרות עם החברה ופועלה, רקע יחודי להיכרות הפרויקט",פיתוח עיסקי,in_progress,high,,,,,2024-03-20,,,,"[""22daaa9f-4a28-4bef-913b-58fd2e9f9452"",""664bbc37-c733-47e2-8dab-0828b3b603dd""]","[""4daff147-9a25-4b00-b388-b1a03f4b8c93""]",,true,2025-03-16 19:23:28.442+00,2025-03-16 19:59:24.706+00,,,f39d5267-d26b-4d63-af91-2df228b1dd3f,false
fe7e2144-4da0-4e44-be6e-d8c014fd97a2,2019ef61-a999-40a1-9fdc-589d60d558e7,933bc74c-e69d-448c-9270-85488029d66f,בנק מלווה,בנק מלווה - היכרות עם הגוף והסכם הליווי,פיננסי,לא התחילה,medium,,,,,2024-05-15,,20000.00,"[""1a4eb47f-e102-4cf4-8334-d7496cd4302f""]",,,,true,2025-03-16 19:23:28.442+00,2025-03-16 19:59:24.706+00,,,9ca44c87-dc9e-4f0e-a9a3-5dd7a6aa76e1,false